최저가,품목,밴드형태,네트워크,화면크기,해상도,화면종류,화면,블루투스버전,내장OS,호환가능OS,--,--,램,내장메모리,--,항목,--,--,건강관리,--,--,부가기능,방수기능,--,사용시간,--,--,배터리종류,배터리용량,재질,무게,--,--,--,--,--,--,--,--
316360,스마트워치,밴드교체형,무선랜(WiFi),"1.4""",360x360,슈퍼AM-OLED,터치스크린,블루투스5.0,타이젠,"안드로이드5.0, iOS9.0이상",,,768M,4G내장,,"SNS, 문자, 전화",,,"스트레스모니터링, 이동거리측정, 달리기, 사이클링, 수영모니터링, 심박측정, 칼로리측정, 운동정보기록, 수면패턴분석, 만보계",,,"다중언어, GPS, 원격촬영, 음성명령, 화면테마설정, 자이로센서, NFC, 무선충전",생활방수(IP68),,"평균 60시간,최대 131시간",,,배터리일체형,330mAh,스테인리스스틸,42g,,,,,,,,
192750,스마트워치,무선랜(WiFi),"1.2""",360x360,슈퍼AM-OLED,터치스크린,블루투스5.0,타이젠,"안드로이드5.0, iOS5.0이상",768M,4G내장,,"SNS, 문자, 전화",,,"스트레스모니터링, 달리기, 사이클링, 수영모니터링, 심박측정, 칼로리측정, 운동정보기록, 수면패턴분석, 만보계",,,"원격촬영, 음성명령, 화면테마설정",,,"평균 43시간,최대 95시간",,,배터리일체형,247mAh,알루미늄,26g,,,,,,,,,,,
255850,스마트워치,밴드교체형,무선랜(WiFi),전화통화,블루투스,iOS,듀얼코어,8G내장,,"일정, 문자, 전화",,,"스트레스모니터링, 일일활동량측정, 이동거리측정, 달리기, 심박측정, 칼로리측정, 운동정보기록, 운동코칭",,,"심박센서, GPS, SOS안심서비스, 고도센서, 기압센서",방수(최대50m),,18시간,,,배터리일체형,,,,,,,,,,,,,,,,,
529170,스마트워치,밴드교체형,무선랜(WiFi),368x448,OLED,터치스크린,블루투스5.0,,,32G내장,,,"여성 건강 모니터링, 이동거리측정, 심박측정, 운동정보기록",,,"넘어짐 감지, 주변광센서, GPS, SOS안심서비스, 항상화면켜짐, 화면테마설정, 앱설치, 자이로센서, 가속계센서, 나침반센서, 기압센서, 음악 스트리밍",생활방수(최대50m),,최대18시간,,,배터리일체형,,,,,,,,,,,,,,,,,
120690,스마트워치,"1.65""",AM-OLED,블루투스5.0,,,"달리기, 사이클링, 수영모니터링, 트랙킹, 심박측정, 칼로리측정, 수면패턴분석, 만보계, 스키",,,"기온, 날짜,요일표시, GPS, 날씨, 화면테마설정",방수(5ATM),,14일,,,배터리일체형,220mAh,24.8g,,,,,,,,,,,,,,,,,,,,,
130890,스마트워치,"1.39""",454x454,AM-OLED,블루투스5.0,,"일정, 알람, 문자, 전화",,,"달리기, 사이클링, 수영모니터링, 트랙킹, 심박측정, 칼로리측정, 운동정보기록, 스트레칭알림",,,"GPS, 내휴대폰찾기, 날씨, 스톱워치, 가속계센서, NFC, 나침반센서, 기압센서",방수(5ATM),,24일,,,배터리일체형,410mAh,48g,,,,,,,,,,,,,,,,,,
234480,스마트워치,무선랜(WiFi),"1.4""",360x360,슈퍼AM-OLED,터치스크린,블루투스5.0,타이젠,"안드로이드5.0, iOS5.0이상",768M,4G내장,,"SNS, 문자, 전화",,,"스트레스모니터링, 달리기, 사이클링, 수영모니터링, 심박측정, 칼로리측정, 운동정보기록, 수면패턴분석, 만보계",,,"원격촬영, 음성명령",,,"평균 60시간,최대 131시간",,,배터리일체형,340mAh,알루미늄,30g,,,,,,,,,,,
399290,스마트워치,무선랜(WiFi),360x360,슈퍼AM-OLED,터치스크린,블루투스5.0,"안드로이드5.0, iOS9.0이상",,,"1.15GHz, 듀얼코어",4G내장,,"문자, 전화",,,"스트레스모니터링, 달리기, 사이클링, 수영모니터링, 심박측정, 칼로리측정, 운동정보기록, 수면패턴분석, 골프",,,"GPS, 항상화면켜짐, 화면테마설정, NFC, 무선충전, 원격촬영(iOS미지원), 스마트 캐디앱",생활방수(IP68),,"평균 60시간,최대 131시간",,,247mAh,30g,,,,,,,,,,,,,
187670,스마트워치,밴드교체형,무선랜(WiFi),"1.3""",360x360,슈퍼AM-OLED,터치스크린,블루투스4.2,타이젠,"1.15GHz, 듀얼코어",768M,4G내장,"스트레스모니터링, 호흡가이드, 달리기, 수영모니터링, 심박측정, 운동정보기록, 수면패턴분석",,,"심박센서, GPS, 날씨, 일정관리, 자이로센서, NFC, 고도센서, 기압센서, 속도계","생활방수(IP68), 방수(5ATM)",,"평균 80시간,최대 168시간",16시간,,배터리일체형,472mAh,실버,63g,,,,,,,,,,,,,,
474890,스마트워치,밴드교체형,무선랜(WiFi),324x394,OLED,블루투스5.0,32G내장,,,"여성 건강 모니터링, 이동거리측정, 심박측정, 운동정보기록",,,"넘어짐 감지, 주변광센서, GPS, SOS안심서비스, 항상화면켜짐, 화면테마설정, 앱설치, 자이로센서, 가속계센서, 나침반센서, 기압센서, 음악 스트리밍",생활방수(최대50m),,최대18시간,,,배터리일체형,,,,,,,,,,,,,,,,,,,,
26030,스마트워치,"1.3""",240x240,LCD,블루투스4.2,"iOS8.0이상, 안드로이드4.4이상","SNS, 전화",,,"호흡가이드, 이동거리측정, 달리기, 사이클링, 트랙킹, 심박측정, 칼로리측정, 수면패턴분석, 만보계, 스트레칭알림",,,"내휴대폰찾기, 화면테마설정, 알람설정",생활방수(IP68),,최대13일,,,배터리일체형,210mAh,34g,,,,,,,,,,,,,,,,,,
169200,스마트워치,밴드교체형,무선랜(WiFi),"1.1""",360x360,슈퍼AM-OLED,터치스크린,블루투스4.2,타이젠,"안드로이드5.0, iOS9.0이상",,,"1.15GHz, 듀얼코어",768M,4G내장,"문자, 전화",,,"스트레스모니터링, 호흡가이드, 달리기, 수영모니터링, 심박측정, 칼로리측정, 수면패턴분석, 만보계",,,"무선배터리공유(S10시리즈), 심박센서, GPS, NFC(원터치페어링)","생활방수(IP68), 방수(5ATM)",,배터리일체형,230mAh,"실버, 그린, 블랙, 로즈골드",25g,,,,,,,,,,,
126449,스마트워치,"1.39""",454x454,AM-OLED,블루투스5.0,,"일정, 알람, 문자, 전화",,,"달리기, 사이클링, 수영모니터링, 트랙킹, 심박측정, 칼로리측정, 운동정보기록, 스트레칭알림",,,"GPS, 내휴대폰찾기, 날씨, 스톱워치, 가속계센서, NFC, 나침반센서, 기압센서",방수(5ATM),,24일,,,배터리일체형,410mAh,36g,,,,,,,,,,,,,,,,,,
236580,스마트워치,무선랜(WiFi),"1.2""",360x360,슈퍼AM-OLED,터치스크린,블루투스5.0,타이젠,"안드로이드5.0, iOS5.0이상",768M,4G내장,,"SNS, 문자, 전화",,,"스트레스모니터링, 달리기, 사이클링, 수영모니터링, 심박측정, 칼로리측정, 운동정보기록, 수면패턴분석, 만보계",,,"다중언어, GPS, 원격촬영, 음성명령, 화면테마설정, NFC",,,"평균 43시간,최대 95시간",,,배터리일체형,247mAh,스테인리스스틸,37g,,,,,,,,,,,
127890,스마트워치,"1.3""",360x360,AM-OLED,터치스크린,블루투스5.0,"SNS, 문자, 전화",,,"이동거리측정, 달리기, 사이클링, 수영모니터링, 트랙킹, 심박측정, 운동정보기록, 스키",,,"주변광센서, GPS, 날씨, 항상화면켜짐, 화면테마설정, 가속계센서",방수(5ATM),,20일,66일,,배터리일체형,390mAh,58g,,,,,,,,,,,,,,,,,,
511400,스마트워치,밴드교체형,무선랜(WiFi),324x394,OLED,블루투스5.0,32G내장,,,"여성 건강 모니터링, 이동거리측정, 심박측정, 운동정보기록",,,"넘어짐 감지, 주변광센서, GPS, SOS안심서비스, 항상화면켜짐, 화면테마설정, 앱설치, 자이로센서, 가속계센서, 나침반센서, 기압센서, 음악 스트리밍",생활방수(최대50m),,최대18시간,,,배터리일체형,,,,,,,,,,,,,,,,,,,,
122770,스마트워치,"1.2""",390x390,"일정, 알람, 문자, 전화",,,심박측정,,,"날씨, NFC, 나침반센서",방수(5ATM),,배터리일체형,195mAh,,,,,,,,,,,,,,,,,,,,,,,,,
350890,스마트워치,밴드교체형,"1.97""",블루투스,,,"일일활동량측정, 달리기, 사이클링, 칼로리측정, 만보계",,,"GPS, 스톱워치, 배터리확인, 온도확인, 고도센서, 나침반센서, 기압센서, 알람설정",방수(최대100m),,75g,,,,,,,,,,,,,,,,,,,,,,,,,,
80320,스마트워치,176x176,블루투스5.0,"문자, 전화",,,"달리기, 사이클링, 수영모니터링, 심박측정",,,"심박센서, GPS, 날씨",음악플레이어,방수(5ATM),40일,,,200mAh,31g,,,,,,,,,,,,,,,,,,,,,,
190000,스마트워치,"1.39""",454x454,AM-OLED,블루투스5.0,,"일정, 알람, 문자, 전화",,,"달리기, 사이클링, 수영모니터링, 트랙킹, 심박측정, 칼로리측정, 운동정보기록, 스트레칭알림",,,"GPS, 내휴대폰찾기, 날씨, 스톱워치, 가속계센서, NFC, 나침반센서, 기압센서",방수(5ATM),,24일,,,배터리일체형,410mAh,40g,,,,,,,,,,,,,,,,,,
139940,스마트워치,밴드교체형,무선랜(WiFi),"1.3""",360x360,블루투스4.2,타이젠,"안드로이드4.4이상, iOS9.0이상",,"1GHz, 듀얼코어",768M,4G내장,"SNS, e메일, 문자, 전화",,,"일일활동량측정, 심박측정, 칼로리측정, 운동정보기록, 수면패턴분석, 만보계",,,"심박센서, GPS, 항상화면켜짐, 자이로센서, 무선충전, 고도센서, 원형휠UX, 기압센서, 삼성페이(MST,NFC), 속도계",생활방수(IP68),,배터리,380mAh,62g(밴드 제외),실리콘밴드(22mm 표준밴드호환),,,,,,,,,,,,,,
126449,스마트워치,밴드교체형,LTE,"1.6""",IPS,블루투스,MTK6739,800만화소,,"이동거리측정, 달리기, 사이클링, 심박측정, 만보계",,,"날짜,요일표시, 내휴대폰찾기, 원격촬영, 화면테마설정, 음악 스트리밍",생활방수(IP67),,3~5일,,,1260mAh,,,,,,,,,,,,,,,,,,,,
49210,스마트워치,"1.65""",AM-OLED,블루투스4.0,"안드로이드4.4이상, iOS9.0이상",,"알람, 문자, 전화",,,"혈압측정, 혈중산소농도, 달리기, 사이클링, 수영모니터링, 심박측정, 수면패턴분석, 만보계, 스트레칭알림",,,"타이머, GPS, 원격촬영, 날씨",생활방수(IP68),,7일,,,알루미늄,"실버+화이트, 블랙, 골드+핑크",24.9g,,,,,,,,,,,,,,,,,,
47370,스마트워치,"1.28""",AOD,터치스크린,블루투스4.1BLE,,"SNS, e메일, 전화",,,"이동거리측정, 달리기, 심박측정, 운동정보기록, 수면패턴분석, 만보계, 스트레칭알림",,,방수(3ATM),,,200mAh,,,,,,,,,,,,,,,,,,,,,,,
185070,스마트워치,,,"문자, 전화",,,"스트레스모니터링, VO2 MAX, 달리기, 사이클링, 심박측정, 칼로리측정, 수면패턴분석",,,"타이머, GPS, 알람설정",,,최대7일,,,36g,,,,,,,,,,,,,,,,,,,,,,,
288900,스마트워치,밴드교체형,무선랜(WiFi),블루투스4.2,iOS,,16G내장,,,"e메일, 문자, 전화",,,"호흡가이드, 일일활동량측정, 이동거리측정, 수영모니터링, 심박측정, 운동정보기록, 운동코칭, 만보계",,,"심박센서, GPS, 음성명령(Siri), 자이로센서, 가속계센서, 기압센서, 음악 스트리밍",방수(최대50m),,18시간,,,배터리일체형,알루미늄,,,,,,,,,,,,,,,,
629000,스마트워치,"1.3""",블루투스,"e메일, 문자, 전화",,,"스트레스모니터링, 혈중산소농도, 심박측정, 수면패턴분석, 골프",,,"GPS, 스마트 캐디앱",방수(5ATM),,최대14일,,,,,,,,,,,,,,,,,,,,,,,,,,
193870,스마트워치,"1.39""",454x454,AM-OLED,터치스크린,블루투스5.1,"안드로이드4.4이상, iOS9.0이상",,,4G내장,,,"SNS, 문자, 전화",,,"이동거리측정, 달리기, 수영모니터링, 심박측정, 칼로리측정, 운동정보기록, 수면패턴분석, 만보계",,,"GPS, 자이로센서, 가속계센서, 나침반센서, 기압센서, 알람설정",음악플레이어,방수(5ATM),14일,,,배터리일체형,455mAh,41g,,,,,,,,,,,,
298000,스마트워치,터치스크린,블루투스4.0BLE,"아이폰4s이상, 안드로이드4.3이상",,,"스트레스모니터링, 체력연령측정, VO2 MAX, 이동거리측정, 사이클링, 수영모니터링, 심박측정, 수면패턴분석, 만보계",,,심박센서,생활방수,,,,,,,,,,,,,,,,,,,,,,,,,,,,
199300,스마트워치,밴드교체형,LTE,무선랜(WiFi),"1.3""",360x360,슈퍼AM-OLED,터치스크린,블루투스4.2,타이젠,,,"1.15GHz, 듀얼코어",1.5G,4G내장,"스트레스모니터링, 호흡가이드, 달리기, 수영모니터링, 심박측정, 운동정보기록, 수면패턴분석",,,"심박센서, GPS, 날씨, 일정관리, 자이로센서, NFC, 고도센서, 기압센서, 속도계","생활방수(IP68), 방수(5ATM)",,"평균 80시간,최대 168시간",16시간,,배터리일체형,472mAh,실버,63g,,,,,,,,,,,
399300,스마트워치,밴드교체형,무선랜(WiFi),"1.3""",360x360,슈퍼AM-OLED,터치스크린,블루투스4.2,타이젠,"1.15GHz, 듀얼코어",768M,4G내장,"스트레스모니터링, 호흡가이드, 달리기, 수영모니터링, 심박측정, 운동정보기록, 수면패턴분석",,,"심박센서, GPS, 날씨, 일정관리, 자이로센서, NFC, 고도센서, 기압센서, 속도계, 스마트 캐디앱, 그린맵, 코스뷰, 스코어카드, 홀 자동 인식","생활방수(IP68), 방수(5ATM)",,"평균 80시간,최대 168시간",16시간,,배터리일체형,472mAh,실버,63g,,,,,,,,,,,,,,
341800,스마트워치,LTE,"1.4""",360x360,슈퍼AM-OLED,터치스크린,블루투스5.0,타이젠,"안드로이드5.0, iOS5.0이상",1.5G,4G내장,,"스트레스모니터링, 달리기, 사이클링, 수영모니터링, 수면패턴분석",,,"원격촬영, 음성명령",,,배터리일체형,340mAh,스테인리스스틸,42g,,,,,,,,,,,,,,,,,
528990,스마트워치,밴드교체형,무선랜(WiFi),368x448,OLED,터치스크린,블루투스5.0,,,32G내장,,,"여성 건강 모니터링, 이동거리측정, 심박측정, 운동정보기록",,,"넘어짐 감지, 주변광센서, GPS, SOS안심서비스, 항상화면켜짐, 화면테마설정, 앱설치, 자이로센서, 가속계센서, 나침반센서, 기압센서, 음악 스트리밍",생활방수(최대50m),,최대18시간,,,배터리일체형,,,,,,,,,,,,,,,,,
289380,스마트워치,밴드교체형,무선랜(WiFi),전화통화,블루투스,iOS,듀얼코어,8G내장,,"일정, 문자, 전화",,,"스트레스모니터링, 일일활동량측정, 이동거리측정, 달리기, 심박측정, 칼로리측정, 운동정보기록, 운동코칭",,,"심박센서, GPS, SOS안심서비스, 고도센서, 기압센서",생활방수,,18시간,,,배터리일체형,,,,,,,,,,,,,,,,,
359700,스마트워치,LTE,"1.2""",360x360,슈퍼AM-OLED,터치스크린,블루투스5.0,타이젠,"안드로이드5.0, iOS5.0이상",1.5G,4G내장,,"스트레스모니터링, 달리기, 사이클링, 수영모니터링, 수면패턴분석",,,"원격촬영, 음성명령, 화면테마설정",,,배터리일체형,247mAh,알루미늄,37g,,,,,,,,,,,,,,,,,
157360,스마트워치,터치스크린,블루투스4.1,"문자, 전화",,,"칼로리측정, 만보계",,,알람설정,음악플레이어,생활방수(IP67),,,,,,,,,,,,,,,,,,,,,,,,,,,
623020,스마트워치,밴드교체형,LTE,무선랜(WiFi),368x448,OLED,터치스크린,블루투스5.0,,듀얼코어,16G내장,,"호흡가이드, 운동동작인식, 이동거리측정, 심박측정, 칼로리측정, 만보계",,,"기온, 넘어짐 감지, 심박센서, 주변광센서, GPS, 자이로센서, 가속계센서, 고도센서, 기압센서",음악플레이어,방수(최대50m),18시간,,,,,,,,,,,,,,,,,,,,
256050,스마트워치,밴드교체형,무선랜(WiFi),전화통화,블루투스,iOS,듀얼코어,8G내장,,"일정, 문자, 전화",,,"스트레스모니터링, 일일활동량측정, 이동거리측정, 달리기, 심박측정, 칼로리측정, 운동정보기록, 운동코칭",,,"심박센서, GPS, SOS안심서비스, 고도센서, 기압센서",방수(최대50m),,18시간,,,배터리일체형,,,,,,,,,,,,,,,,,
141990,스마트워치,밴드교체형,무선랜(WiFi),"1.3""",360x360,블루투스4.2,타이젠,"안드로이드4.4이상, iOS9.0이상",,"1GHz, 듀얼코어",768M,4G내장,"SNS, e메일, 문자, 전화",,,"일일활동량측정, 심박측정, 칼로리측정, 운동정보기록, 수면패턴분석, 만보계",,,"심박센서, GPS, 항상화면켜짐, 자이로센서, 무선충전, 고도센서, 원형휠UX, 기압센서, 삼성페이(MST,NFC), 속도계",생활방수(IP68),,배터리,380mAh,57g(밴드 제외),가죽밴드(22mm 표준밴드호환),,,,,,,,,,,,,,
151670,스마트워치,밴드교체형,무선랜(WiFi),"1.2""",360x360,슈퍼AM-OLED,터치스크린,블루투스4.2,타이젠,"1.15GHz, 듀얼코어",768M,4G내장,"스트레스모니터링, 호흡가이드, 달리기, 수영모니터링, 심박측정, 운동정보기록, 수면패턴분석",,,"심박센서, GPS, 날씨, 일정관리, 자이로센서, NFC, 고도센서, 기압센서, 속도계","생활방수(IP68), 방수(5ATM)",,"평균 45시간,최대 120시간",9시간,,배터리일체형,270mAh,"미드나잇블랙, 로즈골드",49g,,,,,,,,,,,,,,
198990,스마트워치,터치스크린,블루투스,"스트레스모니터링, VO2 MAX, 일일활동량측정, 이동거리측정, 달리기, 수영모니터링, 심박측정, 운동코칭, 수면패턴분석, 만보계, 스키, 골프",,,"심박센서, GPS, 내휴대폰찾기",생활방수,,,,,,,,,,,,,,,,,,,,,,,,,,,,,,,
157360,스마트워치,밴드교체형,무선랜(WiFi),심박측정,,,"GPS, 스톱워치, 알람설정",,,,,,,,,,,,,,,,,,,,,,,,,,,,,,,,
540990,스마트워치,밴드교체형,무선랜(WiFi),368x448,OLED,터치스크린,블루투스5.0,,,32G내장,,,"여성 건강 모니터링, 이동거리측정, 심박측정, 운동정보기록",,,"넘어짐 감지, 주변광센서, GPS, SOS안심서비스, 항상화면켜짐, 화면테마설정, 앱설치, 자이로센서, 가속계센서, 나침반센서, 기압센서, 음악 스트리밍",생활방수(최대50m),,최대18시간,,,배터리일체형,,,,,,,,,,,,,,,,,
191830,스마트워치,밴드교체형,"1.22""",390x390,AM-OLED,터치스크린,블루투스5.1,"안드로이드4.4이상, iOS9.0이상",,4G내장,,,"문자, 전화",,,"이동거리측정, 달리기, 수영모니터링, 심박측정, 칼로리측정, 운동정보기록, 수면패턴분석, 만보계",,,"심박센서, GPS, 자이로센서, 가속계센서, 나침반센서, 기압센서, 알람설정",음악플레이어,방수(5ATM),14일,,,배터리일체형,215mAh,스테인리스스틸,29,,,,,,,,,,,
519680,스마트워치,밴드교체형,무선랜(WiFi),324x394,OLED,블루투스5.0,32G내장,,,"여성 건강 모니터링, 이동거리측정, 심박측정, 운동정보기록",,,"넘어짐 감지, 주변광센서, GPS, SOS안심서비스, 항상화면켜짐, 화면테마설정, 앱설치, 자이로센서, 가속계센서, 나침반센서, 기압센서, 음악 스트리밍",생활방수(최대50m),,최대18시간,,,배터리일체형,,,,,,,,,,,,,,,,,,,,
393360,스마트워치,"1.2""",240x240,"문자, 전화",,,"스트레스모니터링, VO2 MAX, 달리기, 사이클링, 수영모니터링, 심박측정, 운동정보기록, 수면패턴분석",,,"GPS, 앱설치",방수(5ATM),,최대7일,,,38.5g,,,,,,,,,,,,,,,,,,,,,,,
257042,스마트워치,"1.2""",AM-OLED,블루투스5.1,,,16M,4G내장,,"문자, 전화",,,"스트레스모니터링, 혈압측정, VO2 MAX, 달리기, 사이클링, 수영모니터링, 심박측정, 수면패턴분석",,,"날짜,요일표시, GPS, 음악재생(저장가능), 내휴대폰찾기, 기압센서, 알람설정",방수(5ATM),,7일,,,스테인리스스틸,29g,,,,,,,,,,,,,,,,
243600,스마트워치,밴드교체형,"1.23""",215x180,LCD,"iOS, 안드로이드","SNS, 문자, 전화",,,"일일활동량측정, 이동거리측정, 심박측정, 칼로리측정, 수면패턴분석, 만보계, 스트레칭알림",,,"심박센서, GPS",음악플레이어,방수(5ATM),배터리일체형,42g,,,,,,,,,,,,,,,,,,,,,,
947600,스마트워치,"1.4""",,32G내장,,,"문자, 전화",,,"스트레스모니터링, VO2 MAX, 이동거리측정, 달리기, 사이클링, 수영모니터링, 심박측정, 운동정보기록, 수면패턴분석, 스키",,,"타이머, GPS, 음악재생(저장가능), 내휴대폰찾기, 고도센서, 기압센서, 알람설정, 속도계, 일출,일몰알림",방수(10ATM),,최대21일+3일,,,,,,,,,,,,,,,,,,,,,,,
579000,스마트워치,밴드교체형,무선랜(WiFi),368x448,OLED,터치스크린,블루투스5.0,,,32G내장,,,"여성 건강 모니터링, 이동거리측정, 심박측정, 운동정보기록",,,"넘어짐 감지, 주변광센서, GPS, SOS안심서비스, 항상화면켜짐, 화면테마설정, 앱설치, 자이로센서, 가속계센서, 나침반센서, 기압센서, 음악 스트리밍",생활방수(최대50m),,최대18시간,,,배터리일체형,,,,,,,,,,,,,,,,,
54360,스마트워치,터치스크린,블루투스4.0,"SNS, 문자",,,"이동거리측정, 달리기, 심박측정, 운동정보기록, 수면패턴분석, 만보계, 스트레칭알림",,,"심박센서, GPS, 나침반센서, 기압센서",생활방수(IP68),,,,,,,,,,,,,,,,,,,,,,,,,,,,
263200,스마트워치,밴드교체형,무선랜(WiFi),"AM-OLED, AOD",터치스크린,블루투스4.0,"일정, 알람, 문자, 전화",,,"여성 건강 모니터링, 호흡가이드, 이동거리측정, 달리기, 사이클링, 수영모니터링, 심박측정, 칼로리측정, 운동정보기록, 수면패턴분석, 만보계",,,"주변광센서, GPS, 화면테마설정, 음성-텍스트변환, NFC, 고도센서, 진동경보, 음악 스트리밍",방수(최대50m),,5일,,,배터리일체형,,,,,,,,,,,,,,,,,,,,
203670,스마트워치,LTE,"1.4""",360x360,슈퍼AM-OLED,터치스크린,블루투스5.0,타이젠,"안드로이드5.0, iOS5.0이상",1.5G,4G내장,,"스트레스모니터링, 달리기, 사이클링, 수영모니터링, 수면패턴분석",,,"원격촬영, 음성명령",,,배터리일체형,340mAh,알루미늄,42g,,,,,,,,,,,,,,,,,
424120,스마트워치,밴드교체형,"1.23""",215x180,LCD,,"SNS, 문자, 전화",,,"일일활동량측정, 이동거리측정, 심박측정, 칼로리측정, 수면패턴분석, 만보계, 스트레칭알림",,,"심박센서, GPS",음악플레이어,방수(5ATM),배터리일체형,38.5g,,,,,,,,,,,,,,,,,,,,,,
359690,스마트워치,무선랜(WiFi),360x360,슈퍼AM-OLED,터치스크린,블루투스5.0,"안드로이드5.0, iOS9.0이상",,,"1.15GHz, 듀얼코어",4G내장,,"문자, 전화",,,"스트레스모니터링, 달리기, 사이클링, 수영모니터링, 심박측정, 칼로리측정, 운동정보기록, 수면패턴분석, 골프",,,"GPS, 항상화면켜짐, 화면테마설정, NFC, 무선충전, 원격촬영(iOS미지원), 스마트 캐디앱",생활방수(IP68),,"평균 43시간,최대 95시간",,,247mAh,26g,,,,,,,,,,,,,
559400,스마트워치,밴드교체형,,"문자, 전화",,,"이동거리측정, 달리기, 사이클링, 수영모니터링, 심박측정, 칼로리측정, 수면패턴분석, 만보계",,,"심박센서, 폭풍알람, GPS, 날씨, 기압센서, 일출,일몰알림",방수(최대100m),,,,,,,,,,,,,,,,,,,,,,,,,,,,
700000,스마트워치,밴드교체형,무선랜(WiFi),368x448,OLED,터치스크린,블루투스5.0,,,32G내장,,,"여성 건강 모니터링, 이동거리측정, 심박측정, 운동정보기록",,,"넘어짐 감지, 주변광센서, GPS, SOS안심서비스, 항상화면켜짐, 화면테마설정, 앱설치, 자이로센서, 가속계센서, 나침반센서, 기압센서, 음악 스트리밍",생활방수(최대50m),,최대18시간,,,배터리일체형,,,,,,,,,,,,,,,,,
256410,스마트워치,밴드교체형,무선랜(WiFi),전화통화,블루투스,iOS,듀얼코어,8G내장,,"일정, 문자, 전화",,,"스트레스모니터링, 일일활동량측정, 이동거리측정, 달리기, 심박측정, 칼로리측정, 운동정보기록, 운동코칭",,,"심박센서, GPS, SOS안심서비스, 고도센서, 기압센서",방수(최대50m),,18시간,,,배터리일체형,,,,,,,,,,,,,,,,,
664050,스마트워치,,,"사이클링, 심박측정",,,"음성명령(오케이구글), 앱설치(구글플레이)",음악플레이어,방수(최대50m),스테인리스스틸,70g,,,,,,,,,,,,,,,,,,,,,,,,,,,,
234990,스마트워치,밴드교체형,무선랜(WiFi),"AM-OLED, AOD",터치스크린,블루투스4.0,"일정, 알람, 문자, 전화",,,"여성 건강 모니터링, 호흡가이드, 이동거리측정, 달리기, 사이클링, 수영모니터링, 심박측정, 칼로리측정, 운동정보기록, 수면패턴분석, 만보계",,,"주변광센서, GPS, 화면테마설정, 음성-텍스트변환, NFC, 고도센서, 진동경보, 음악 스트리밍",방수(최대50m),,5일,,,배터리일체형,,,,,,,,,,,,,,,,,,,,
669000,스마트워치,240x240,AM-OLED,문자,,,"VO2 MAX, 달리기, 사이클링, 수영모니터링, 심박측정",,,"타이머, GPS, 내휴대폰찾기, 날씨, 스톱워치, 가속계센서, 고도센서, 기압센서",방수(5ATM),,최대5일,,,스테인리스스틸,44.5g,,,,,,,,,,,,,,,,,,,,,,
427200,스마트워치,밴드교체형,무선랜(WiFi),"1.2""",240x240,블루투스,"iOS, 안드로이드",,,64MB내장,,,"SNS, 문자, 전화",,,"달리기, 사이클링, 수영모니터링, 심박측정, 칼로리측정, 만보계, 스키",,,"심박센서, GPS, 내휴대폰찾기, 고도센서, 기압센서, 알람설정",음악플레이어,,약2주,,,"블랙그레이, 포스옐로우",22mm,,,,,,,,,,,,,
259300,스마트워치,218x218,,"문자, 전화",,,"스트레스모니터링, VO2 MAX, 심박측정, 칼로리측정, 수면패턴분석",,,"날짜,요일표시, GPS, 날씨, 스톱워치, 앱설치, 고도센서, 알람설정",방수(최대50m),,14일,,,스테인리스스틸,66g,,,,,,,,,,,,,,,,,,,,,,
367000,스마트워치,밴드교체형,LTE,무선랜(WiFi),블루투스4.2,iOS,16G내장,,,"e메일, 문자, 전화",,,"호흡가이드, 일일활동량측정, 이동거리측정, 수영모니터링, 심박측정, 운동정보기록, 운동코칭, 만보계",,,"심박센서, GPS, 음성명령(Siri), 자이로센서, 가속계센서, 기압센서, 음악 스트리밍",방수(최대50m),,18시간,,,배터리일체형,알루미늄,,,,,,,,,,,,,,,,
239650,스마트워치,터치스크린,블루투스4.0BLE,"아이폰4s이상, 안드로이드4.3이상",,,"스트레스모니터링, 체력연령측정, VO2 MAX, 이동거리측정, 사이클링, 수영모니터링, 심박측정, 수면패턴분석, 만보계",,,심박센서,생활방수,,,,,,,,,,,,,,,,,,,,,,,,,,,,
30958,스마트워치,"1.22""",240x240,터치스크린,,,"SNS, 문자, 전화",,,"혈압측정, 혈중산소농도, 이동거리측정, 사이클링, 트랙킹, 심박측정, 칼로리측정, 수면패턴분석, 만보계",,,"타이머, 내휴대폰찾기, 원격촬영, 분실방지, 날씨, 스톱워치, 화면테마설정, 알람설정, 음악 스트리밍",생활방수(IP68),,배터리일체형,320mAh,,,,,,,,,,,,,,,,,,,,,,
149500,스마트워치,밴드교체형,LTE,무선랜(WiFi),"1.2""",360x360,슈퍼AM-OLED,터치스크린,블루투스4.2,타이젠,,,"1.15GHz, 듀얼코어",1.5G,4G내장,"스트레스모니터링, 호흡가이드, 달리기, 수영모니터링, 심박측정, 운동정보기록, 수면패턴분석",,,"심박센서, GPS, 날씨, 일정관리, 자이로센서, NFC, 고도센서, 기압센서, 속도계","생활방수(IP68), 방수(5ATM)",,"평균 45시간,최대 120시간",9시간,,배터리일체형,270mAh,"미드나잇블랙, 로즈골드",49g,,,,,,,,,,,
85320,스마트워치,밴드교체형,무선랜(WiFi),전화통화,"2.0""",360x480,슈퍼AM-OLED,터치스크린,블루투스4.1,타이젠,안드로이드4.3이상,조도센서있음,"1GHz, 듀얼코어",512M,4G내장,"내장스피커,마이크",,,"SNS, e메일, 일정, 문자, 전화",,,"GPS, S보이스, 내휴대폰찾기, 연락처연동, 화면테마설정, 내장키보드",음악플레이어,생활방수(IP67),전용거치대,배터리일체형,300mAh,"블루블랙, 화이트",4x5.8cm,"66g(블루블랙),84g(화이트)",,,,,,,,,
244230,스마트워치,밴드교체형,"1.2""",360x360,슈퍼AM-OLED,블루투스,"1GHz, 듀얼코어",768M,4G내장,"달리기, 심박측정, 칼로리측정, 운동코칭, 수면패턴분석, 스트레칭알림",,,"심박센서, GPS, S보이스, 자이로센서, 가속계센서, 기압센서",방수(5ATM),,3~4일,,,배터리일체형,300mAh,"블랙, 블루",,,,,,,,,,,,,,,,,,
847240,스마트워치,밴드교체형,무선랜(WiFi),"1.2""",240x240,블루투스,64MB내장,,,"SNS, e메일, 문자, 전화",,,"VO2 MAX, 일일활동량측정, 운동동작인식, 이동거리측정, 달리기, 사이클링, 수영모니터링, 심박측정, 칼로리측정, 운동정보기록, 만보계, 스키",,,"심박센서, GPS, 내휴대폰찾기, 자이로센서, 고도센서, 나침반센서, 기압센서",음악플레이어,방수(10ATM),사용시간:30시간(UltraTrac모드),,,98g,,,,,,,,,,,,,,,,,
296000,스마트워치,밴드교체형,무선랜(WiFi),전화통화,블루투스,iOS,듀얼코어,8G내장,,"일정, 문자, 전화",,,"스트레스모니터링, 일일활동량측정, 이동거리측정, 달리기, 심박측정, 칼로리측정, 운동정보기록, 운동코칭",,,"심박센서, GPS, SOS안심서비스, 고도센서, 기압센서",생활방수,,18시간,,,배터리일체형,,,,,,,,,,,,,,,,,
198000,스마트워치,"1.2""",390x390,AM-OLED,블루투스5.1,"안드로이드4.4이상, iOS9.0이상",16M,4G내장,,"문자, 전화",,,"스트레스모니터링, 혈압측정, VO2 MAX, 달리기, 사이클링, 수영모니터링, 트랙킹, 심박측정, 수면패턴분석",,,"날짜,요일표시, GPS, 음악재생(저장가능), 내휴대폰찾기, 화면테마설정, 자이로센서, 기압센서, 알람설정",방수(5ATM),,7일,,,스테인리스스틸,29g,,,,,,,,,,,,,,,,
302200,스마트워치,LTE,"1.2""",360x360,슈퍼AM-OLED,터치스크린,블루투스5.0,타이젠,"안드로이드5.0, iOS5.0이상",1.5G,4G내장,,"스트레스모니터링, 달리기, 사이클링, 수영모니터링, 수면패턴분석",,,"원격촬영, 음성명령, 화면테마설정",,,배터리일체형,247mAh,스테인리스스틸,37g,,,,,,,,,,,,,,,,,
119900,스마트워치,무선랜(WiFi),"1.3""",AM-OLED,블루투스4.2,,"SNS, 문자, 전화",,,"이동거리측정, 달리기, 심박측정, 칼로리측정, 만보계, 스키",,,"심박센서, GPS, 자이로센서, 가속계센서, NFC, 기압센서",생활방수(IP68),,,,,,,,,,,,,,,,,,,,,,,,,
572620,스마트워치,밴드교체형,무선랜(WiFi),368x448,OLED,터치스크린,블루투스5.0,,,32G내장,,,"여성 건강 모니터링, 이동거리측정, 심박측정, 운동정보기록",,,"넘어짐 감지, 주변광센서, GPS, SOS안심서비스, 항상화면켜짐, 화면테마설정, 앱설치, 자이로센서, 가속계센서, 나침반센서, 기압센서, 음악 스트리밍",생활방수(최대50m),,최대18시간,,,배터리일체형,,,,,,,,,,,,,,,,,
703790,스마트워치,"1.2""",240x240,"실내운동모드, VO2 MAX, 달리기, 사이클링, 수영모니터링, 트랙킹, 심박측정, 골프",,,"타이머, GPS, 음악재생(저장가능), 스톱워치, 자이로센서, 고도센서, 기압센서, 알람설정",방수(5ATM),,14일,,,50g,,,,,,,,,,,,,,,,,,,,,,,,,,
292250,스마트워치,밴드교체형,무선랜(WiFi),"1.2""",360x360,LCD,터치스크린,블루투스4.2,,"1.1GHz, 쿼드코어",768M,4G내장,"칼로리측정, 만보계",,,"타이머, 스톱워치, 고도센서, 나침반센서",생활방수(IP68),,배터리일체형,240mAh,,,,,,,,,,,,,,,,,,,
39900,스마트워치,"1.3""",240x240,"SNS, 문자, 전화",,,"혈압측정, 달리기, 사이클링, 심박측정, 칼로리측정, 운동정보기록, 수면패턴분석",,,"내휴대폰찾기, 원격촬영, 알람설정",,,180mAh,33.5g,,,,,,,,,,,,,,,,,,,,,,,,,
115200,스마트워치,밴드교체형,무선랜(WiFi),"1.2""",360x360,슈퍼AM-OLED,터치스크린,블루투스4.1,타이젠,"안드로이드4.4이상, iOS9.0이상",,,"1GHz, 듀얼코어",512M,4G내장,"SNS, 카톡, e메일, 일정, 문자, 전화",,,"심박측정, 운동정보기록",,,"심박센서, S보이스, 연락처연동, 화면테마설정, 자이로센서, 가속계센서, 무선충전, 원형휠UX",음악플레이어,생활방수(IP68),2~3일,,,배터리일체형,250mAh,"다크그레이,실버",47g,,,,,,,,
39000,스마트워치,"0.96""",OLED,터치스크린,,,"일정, 문자, 전화",,,"일일활동량측정, 심박측정, 수면패턴분석",,,"심박센서, 내휴대폰찾기",생활방수(IP67),,,,,,,,,,,,,,,,,,,,,,,,,
523800,스마트워치,밴드교체형,LTE,무선랜(WiFi),324x394,OLED,터치스크린,블루투스5.0,,듀얼코어,16G내장,,"호흡가이드, 운동동작인식, 이동거리측정, 심박측정, 칼로리측정, 만보계",,,"기온, 넘어짐 감지, 심박센서, 주변광센서, GPS, 자이로센서, 가속계센서, 고도센서, 기압센서",음악플레이어,방수(5ATM),18시간,,,,,,,,,,,,,,,,,,,,
121390,스마트워치,"1.39""",454x454,AM-OLED,,,"문자, 전화",,,"달리기, 사이클링, 수영모니터링, 심박측정, 수면패턴분석",,,"내휴대폰찾기, 날씨, 스톱워치, 화면테마설정, 알람설정",음악플레이어,방수(5ATM),24일,,,,,,,,,,,,,,,,,,,,,,,
320000,스마트워치,무선랜(WiFi),"1.4""",360x360,슈퍼AM-OLED,터치스크린,블루투스5.0,타이젠,"안드로이드5.0, iOS5.0이상",768M,4G내장,,"SNS, 문자, 전화",,,"스트레스모니터링, 달리기, 사이클링, 수영모니터링, 심박측정, 칼로리측정, 운동정보기록, 수면패턴분석, 만보계",,,"원격촬영, 음성명령",,,"평균 60시간,최대 131시간",,,배터리일체형,340mAh,알루미늄,30g,,,,,,,,,,,
169000,스마트워치,"1.3""",AM-OLED,터치스크린,블루투스4.2,,"이동거리측정, 심박측정, 칼로리측정, 수면패턴분석, 만보계",,,"심박센서, GPS, 자이로센서, 나침반센서, 기압센서",방수(5ATM),,평균 2주,,,,,,,,,,,,,,,,,,,,,,,,,,
14060,스마트워치,전화통화,"1.56""",240x240,블루투스3.0,"iOS, 안드로이드","533Mhz, MTK6260A",64M,"microSD,최대32G",200만화소,,,"SNS, e메일, 문자, 전화",,,"수면패턴분석, 만보계",,,"원격촬영, 연락처연동",음악플레이어,생활방수,3시간,180시간,,배터리,300mAh,75g,,,,,,,,,,,,
48990,스마트워치,블루투스4.0BLE,,전화,,,만보계,,,알람설정,방수(3ATM),,,,,,,,,,,,,,,,,,,,,,,,,,,,
150220,스마트워치,밴드교체형,터치스크린,블루투스,,,"문자, 전화",,,"VO2 MAX, 이동거리측정, 달리기, 수영모니터링",,,알람설정,방수(5ATM),,,,,,,,,,,,,,,,,,,,,,,,,
667990,스마트워치,밴드교체형,무선랜(WiFi),"1.2""",240x240,블루투스,64MB내장,,,"SNS, e메일, 문자, 전화",,,"VO2 MAX, 일일활동량측정, 운동동작인식, 이동거리측정, 달리기, 사이클링, 수영모니터링, 심박측정, 칼로리측정, 운동정보기록, 만보계, 스키",,,"심박센서, GPS, 내휴대폰찾기, 자이로센서, 고도센서, 나침반센서, 기압센서",음악플레이어,방수(10ATM),사용시간:30시간(UltraTrac모드),,,98g,,,,,,,,,,,,,,,,,
539000,스마트워치,밴드교체형,LTE,무선랜(WiFi),368x448,OLED,터치스크린,블루투스5.0,,듀얼코어,16G내장,,"호흡가이드, 운동동작인식, 이동거리측정, 심박측정, 칼로리측정, 만보계",,,"기온, 넘어짐 감지, 심박센서, 주변광센서, GPS, 자이로센서, 가속계센서, 고도센서, 기압센서",음악플레이어,방수(최대50m),18시간,,,,,,,,,,,,,,,,,,,,
1280000,스마트워치,"1.4""",,32G내장,,,"문자, 전화",,,"스트레스모니터링, VO2 MAX, 이동거리측정, 달리기, 사이클링, 수영모니터링, 심박측정, 운동정보기록, 수면패턴분석, 스키",,,"타이머, GPS, 음악재생(저장가능), 내휴대폰찾기, 고도센서, 기압센서, 알람설정, 속도계, 일출,일몰알림",방수(10ATM),,최대21일,,,,,,,,,,,,,,,,,,,,,,,
56010,스마트워치,"0.96""",80x160,LCD,,,"SNS, 문자, 전화",,,"이동거리측정, 칼로리측정, 수면패턴분석, 만보계",,,생활방수(IP67),,,,,,,,,,,,,,,,,,,,,,,,,,
341250,스마트워치,,,1G,8G내장,,알람,,,심박측정,,,음성명령(구글),음악플레이어,생활방수,1일,,,,,,,,,,,,,,,,,,,,,,,
75250,스마트워치,,,"이동거리측정, 달리기, 수영모니터링, 수면패턴분석",,,방수(5ATM),,,8달,,,스테인리스스틸,,,,,,,,,,,,,,,,,,,,,,,,,,
692010,스마트워치,밴드교체형,무선랜(WiFi),368x448,OLED,터치스크린,블루투스5.0,,,32G내장,,,"여성 건강 모니터링, 이동거리측정, 심박측정, 운동정보기록",,,"넘어짐 감지, 주변광센서, GPS, SOS안심서비스, 항상화면켜짐, 화면테마설정, 앱설치, 자이로센서, 가속계센서, 나침반센서, 기압센서, 음악 스트리밍",생활방수(최대50m),,최대18시간,,,배터리일체형,,,,,,,,,,,,,,,,,
527680,스마트워치,밴드교체형,무선랜(WiFi),324x394,OLED,블루투스5.0,32G내장,,,"여성 건강 모니터링, 이동거리측정, 심박측정, 운동정보기록",,,"넘어짐 감지, 주변광센서, GPS, SOS안심서비스, 항상화면켜짐, 화면테마설정, 앱설치, 자이로센서, 가속계센서, 나침반센서, 기압센서, 음악 스트리밍",생활방수(최대50m),,최대18시간,,,배터리일체형,,,,,,,,,,,,,,,,,,,,
511400,스마트워치,밴드교체형,무선랜(WiFi),324x394,OLED,블루투스5.0,32G내장,,,"여성 건강 모니터링, 이동거리측정, 심박측정, 운동정보기록",,,"넘어짐 감지, 주변광센서, GPS, SOS안심서비스, 항상화면켜짐, 화면테마설정, 앱설치, 자이로센서, 가속계센서, 나침반센서, 기압센서, 음악 스트리밍",생활방수(최대50m),,최대18시간,,,배터리일체형,,,,,,,,,,,,,,,,,,,,
359700,스마트워치,밴드교체형,무선랜(WiFi),"1.2""",360x360,슈퍼AM-OLED,터치스크린,블루투스4.2,타이젠,"1.15GHz, 듀얼코어",768M,4G내장,"스트레스모니터링, 호흡가이드, 달리기, 수영모니터링, 심박측정, 운동정보기록, 수면패턴분석, 골프",,,"심박센서, GPS, 날씨, 일정관리, 자이로센서, NFC, 고도센서, 기압센서, 속도계, 스마트 캐디앱, 그린맵, 코스뷰, 스코어카드, 홀 자동 인식","생활방수(IP68), 방수(5ATM)",,"평균 45시간,최대 120시간",9시간,,배터리일체형,270mAh,미드나잇블랙,49g,,,,,,,,,,,,,,
169000,스마트워치,밴드교체형,무선랜(WiFi),LCD,터치스크린,블루투스4.0,"호흡가이드, 이동거리측정, 달리기, 수영모니터링, 심박측정, 운동정보기록, 운동코칭, 수면패턴분석",,,"심박센서, 음악재생(저장가능), 앱설치, 자이로센서, 가속계센서, 고도센서",방수(최대50m),,,,,,,,,,,,,,,,,,,,,,,,,,,,
486000,스마트워치,밴드교체형,무선랜(WiFi),368x448,OLED,터치스크린,블루투스5.0,,,듀얼코어,16G내장,,"호흡가이드, 운동동작인식, 이동거리측정, 심박측정, 칼로리측정, 만보계",,,"기온, 넘어짐 감지, 심박센서, 주변광센서, GPS, 자이로센서, 가속계센서, 고도센서, 기압센서",음악플레이어,방수(최대50m),18시간,,,,,,,,,,,,,,,,,,,,
1860000,스마트워치,밴드교체형,무선랜(WiFi),368x448,OLED,터치스크린,블루투스5.0,,,32G내장,,,"여성 건강 모니터링, 이동거리측정, 심박측정, 운동정보기록",,,"넘어짐 감지, 주변광센서, GPS, SOS안심서비스, 항상화면켜짐, 화면테마설정, 앱설치, 자이로센서, 가속계센서, 나침반센서, 기압센서, 음악 스트리밍",생활방수(최대50m),,최대18시간,,,배터리일체형,,,,,,,,,,,,,,,,,
89000,스마트워치,밴드교체형,"1.22""",240x240,,,"SNS, 문자, 전화",,,"혈중산소농도, 이동거리측정, 심박측정, 칼로리측정, 수면패턴분석, 만보계",,,"내휴대폰찾기, 원격촬영, 스톱워치",생활방수(IP67),,메탈,"실버, 블랙, 로즈골드",,,,,,,,,,,,,,,,,,,,,,
259710,스마트워치,터치스크린,,"일일활동량측정, 이동거리측정, 수영모니터링, 심박측정, 칼로리측정, 만보계",,,"날짜,요일표시, 다중언어, 듀얼타임, 심박센서, GPS, 스톱워치, 배터리확인, 고도센서, 나침반센서, 알람설정, 속도계",방수(10ATM),,12시간,,,,,,,,,,,,,,,,,,,,,,,,,,,,,
220500,스마트워치,LTE,무선랜(WiFi),368x448,AM-OLED,블루투스5.0,1G,8G내장,,"문자, 전화",,,심박측정,,,"GPS, 자이로센서, 가속계센서, NFC",,,36시간,,,무선(WiPower),570mAh,알루미늄,,,,,,,,,,,,,,,
990000,스마트워치,"1.3""",,32G내장,,,"문자, 전화",,,"스트레스모니터링, VO2 MAX, 이동거리측정, 달리기, 사이클링, 수영모니터링, 심박측정, 운동정보기록, 수면패턴분석, 스키",,,"타이머, GPS, 음악재생(저장가능), 내휴대폰찾기, 고도센서, 기압센서, 알람설정, 속도계, 일출,일몰알림",방수(10ATM),,최대13일,,,,,,,,,,,,,,,,,,,,,,,
75864,스마트워치,밴드교체형,LTE,3G,16G내장,,"전화, 어플리케이션",,,"달리기, 사이클링, 심박측정, 운동정보기록",,,음악플레이어,,,300mAh+1200mAh,,,,,,,,,,,,,,,,,,,,,,,
12450,스마트워치,"1.3""",터치스크린,블루투스,,,"SNS, 알람, 문자, 전화",,,"혈압측정, 이동거리측정, 달리기, 심박측정, 칼로리측정, 운동정보기록, 수면패턴분석, 만보계",,,"원격촬영, 분실방지, 알람설정",생활방수(IP67),,"그린, 레드, 블랙, 블루, 퍼플",,,,,,,,,,,,,,,,,,,,,,,
258700,스마트워치,밴드교체형,3G,무선랜(WiFi),전화통화,"1.2""",360x360,슈퍼AM-OLED,터치스크린,블루투스4.1,타이젠,"안드로이드4.4이상, iOS9.0이상","1GHz, 듀얼코어",512M,4G내장,"SNS, e메일, 일정, 알람, 문자, 전화",,,"심박측정, 운동정보기록",,,"심박센서, GPS, S보이스, 연락처연동, 화면테마설정, 자이로센서, 가속계센서, 무선충전, 원형휠UX",음악플레이어,생활방수(IP68),2~3일,,,배터리일체형,250mAh,프리미엄블랙,42g,20mm,,,,,,,
139770,스마트워치,"1.39""",454x454,AM-OLED,블루투스5.0,,"스트레스모니터링, 호흡가이드, 달리기, 사이클링, 수영모니터링, 트랙킹, 심박측정, 칼로리측정, 수면패턴분석, 만보계",,,"날짜,요일표시, 심박센서, 자이로센서, 가속계센서, NFC",생활방수(최대50m),,14일,,,420mAh,,,,,,,,,,,,,,,,,,,,,,,
36780,스마트워치,"1.3""",240x240,"문자, 전화",,,"혈압측정, 이동거리측정, 심박측정, 수면패턴분석",,,"원격촬영, 알람설정",생활방수(IP67),,7~10일,,,180mAh,,,,,,,,,,,,,,,,,,,,,,,
88359,스마트워치,밴드교체형,3G,무선랜(WiFi),"2.2""",320x240,IPS,블루투스4.0,안드로이드5.1,"1.3GHz, MTK6580, 쿼드코어",1G,16G내장,"이동거리측정, 심박측정, 만보계",,,"GPS, 화면테마설정, 음악 스트리밍",,,배터리일체형,1200mAh,77.8g,,,,,,,,,,,,,,,,,,
332490,스마트워치,블루투스,,"SNS, 문자, 전화",,,"이동거리측정, 심박측정, 칼로리측정, 운동정보기록, 만보계",,,"듀얼타임, 심박센서, 타이머, 폭풍알람, GPS, 스톱워치, 고도센서, 나침반센서, 기압센서, 속도계, 일출,일몰알림",방수(10ATM),,,,,,,,,,,,,,,,,,,,,,,,,,,,
849000,스마트워치,밴드교체형,무선랜(WiFi),324x394,OLED,터치스크린,블루투스5.0,,,32G내장,,,"문자, 전화",,,"여성 건강 모니터링, 이동거리측정, 심박측정, 운동정보기록",,,"넘어짐 감지, 주변광센서, GPS, SOS안심서비스, 항상화면켜짐, 화면테마설정, 앱설치, 자이로센서, 가속계센서, 나침반센서, 기압센서, 음악 스트리밍",생활방수(최대50m),,최대18시간,,,배터리일체형,,,,,,,,,,,,,,
137310,스마트워치,LTE,무선랜(WiFi),MTK6739,500만화소,,"달리기, 사이클링, 심박측정",,,"GPS, 앱설치",생활방수(IP67),,16시간,,,700mAh,,,,,,,,,,,,,,,,,,,,,,,
649000,스마트워치,밴드교체형,무선랜(WiFi),전화통화,블루투스,iOS,듀얼코어,8G내장,,"일정, 문자, 전화",,,"스트레스모니터링, 일일활동량측정, 이동거리측정, 달리기, 심박측정, 칼로리측정, 운동정보기록, 운동코칭",,,"심박센서, GPS, SOS안심서비스, 고도센서, 기압센서",방수(최대50m),,18시간,,,배터리일체형,,,,,,,,,,,,,,,,,
22000,스마트워치,밴드분리형(클립),OLED,"SNS, 문자, 전화",,,"혈압측정, 이동거리측정, 심박측정, 칼로리측정, 수면패턴분석, 만보계",,,진동경보,생활방수(IP68),,10~15,35~45일,,,,,,,,,,,,,,,,,,,,,,,,,
198000,스마트워치,"1.3""",AM-OLED,터치스크린,블루투스4.2,,"이동거리측정, 심박측정, 칼로리측정, 수면패턴분석, 만보계",,,"심박센서, GPS, 자이로센서, 나침반센서, 기압센서",방수(5ATM),,평균 2주,,,,,,,,,,,,,,,,,,,,,,,,,,
29520,스마트밴드,"0.95""",AM-OLED,"SNS, 전화",,,"혈중산소농도, 운동동작인식, 심박측정, 칼로리측정, 수면패턴분석",,,생활방수,,,,,,,,,,,,,,,,,,,,,,,,,,,,,
74410,스마트워치,블루투스,"iOS8.0이상, 안드로이드4.0이상","SNS, 문자, 전화",,,"이동거리측정, 심박측정, 칼로리측정, 수면패턴분석, 만보계",,,음악플레이어,생활방수(IP54),,,,,,,,,,,,,,,,,,,,,,,,,,,,
29520,스마트워치,"1.4""",,"문자, 전화",,,"혈압측정, 심박측정, 칼로리측정, 만보계",,,생활방수(IP68),,,,,,,,,,,,,,,,,,,,,,,,,,,,,
116020,스마트워치,"1.3""",240x240,블루투스4.0,,,"문자, 전화",,,"혈압측정, 이동거리측정, 심박측정, 칼로리측정, 수면패턴분석",,,"날짜,요일표시, 원격촬영, 스톱워치, 알람설정",생활방수(IP68),,300mAh,,,,,,,,,,,,,,,,,,,,,,,
908990,스마트워치,밴드교체형,무선랜(WiFi),368x448,OLED,터치스크린,블루투스5.0,,,32G내장,,,"여성 건강 모니터링, 이동거리측정, 심박측정, 운동정보기록",,,"넘어짐 감지, 주변광센서, GPS, SOS안심서비스, 항상화면켜짐, 화면테마설정, 앱설치, 자이로센서, 가속계센서, 나침반센서, 기압센서, 음악 스트리밍",생활방수(최대50m),,최대18시간,,,배터리일체형,,,,,,,,,,,,,,,,,
692000,스마트워치,밴드교체형,무선랜(WiFi),368x448,OLED,터치스크린,블루투스5.0,,,32G내장,,,"여성 건강 모니터링, 이동거리측정, 심박측정, 운동정보기록",,,"넘어짐 감지, 주변광센서, GPS, SOS안심서비스, 항상화면켜짐, 화면테마설정, 앱설치, 자이로센서, 가속계센서, 나침반센서, 기압센서, 음악 스트리밍",생활방수(최대50m),,최대18시간,,,배터리일체형,,,,,,,,,,,,,,,,,
60310,스마트워치,"1.3""",360x360,블루투스5.0,,,"문자, 전화",,,"혈압측정, 이동거리측정, 사이클링, 심박측정, 칼로리측정, 수면패턴분석",,,스톱워치,생활방수(IP67),,7일,,,240mAh,,,,,,,,,,,,,,,,,,,,
414810,스마트워치,밴드교체형,LTE,무선랜(WiFi),블루투스4.2,iOS,16G내장,,,"e메일, 문자, 전화",,,"호흡가이드, 일일활동량측정, 이동거리측정, 수영모니터링, 심박측정, 운동정보기록, 운동코칭, 만보계",,,"심박센서, GPS, 음성명령(Siri), 자이로센서, 가속계센서, 기압센서, 음악 스트리밍",방수(최대50m),,18시간,,,배터리일체형,알루미늄,,,,,,,,,,,,,,,,
199000,스마트워치,,,"문자, 전화",,,"스트레스모니터링, VO2 MAX, 달리기, 사이클링, 심박측정, 칼로리측정, 수면패턴분석",,,"타이머, GPS, 알람설정",,,최대7일,,,36g,,,,,,,,,,,,,,,,,,,,,,,
380000,스마트워치,밴드교체형,128x128,블루투스,,,"이동거리측정, 심박측정, 칼로리측정, 수면패턴분석, 만보계",,,"심박센서, GPS, 고도센서, 나침반센서, 기압센서",방수(10ATM),,,,,,,,,,,,,,,,,,,,,,,,,,,,
255840,스마트워치,밴드교체형,LCD,터치스크린,블루투스,,"SNS, 카톡, 문자, 전화",,,"호흡가이드, 일일활동량측정, 스마트트랙, 달리기, 사이클링, 수영모니터링, 심박측정, 운동코칭, 수면패턴분석",,,"심박센서, GPS, 음악재생(저장가능), 자이로센서, 가속계센서, 고도센서",방수(최대50m),,,,,,,,,,,,,,,,,,,,,,,,,
34132,스마트워치,"1.3""",터치스크린,문자,,,전화,,,"이동거리측정, 달리기, 사이클링, 심박측정, 칼로리측정, 수면패턴분석, 만보계, 스트레칭알림",,,"다중언어, 원격촬영, 스톱워치, 화면테마설정, 알람설정",생활방수(IP68),,30일,,,배터리일체형,180mAh,,,,,,,,,,,,,,,,,,,
176870,스마트워치,LTE,,800만화소,,,"운동동작인식, 심박측정",,,GPS,생활방수(IP67),,최대7일,,,2700mAh,,,,,,,,,,,,,,,,,,,,,,,
933990,스마트워치,밴드교체형,무선랜(WiFi),368x448,OLED,터치스크린,블루투스5.0,,,32G내장,,,"여성 건강 모니터링, 이동거리측정, 심박측정, 운동정보기록",,,"넘어짐 감지, 주변광센서, GPS, SOS안심서비스, 항상화면켜짐, 화면테마설정, 앱설치, 자이로센서, 가속계센서, 나침반센서, 기압센서, 음악 스트리밍",생활방수(최대50m),,최대18시간,,,배터리일체형,,,,,,,,,,,,,,,,,
391000,스마트워치,"1.1""",터치스크린,"심박센서, GPS, 내휴대폰찾기, 스톱워치, 알람설정, 일출,일몰알림",방수(5ATM),,5일,,,스테인리스스틸,40g,,,,,,,,,,,,,,,,,,,,,,,,,,,,
652410,스마트워치,밴드교체형,무선랜(WiFi),324x394,OLED,터치스크린,블루투스5.0,,,32G내장,,,"문자, 전화",,,"여성 건강 모니터링, 이동거리측정, 심박측정, 운동정보기록",,,"넘어짐 감지, 주변광센서, GPS, SOS안심서비스, 항상화면켜짐, 화면테마설정, 앱설치, 자이로센서, 가속계센서, 나침반센서, 기압센서, 음악 스트리밍",생활방수(최대50m),,최대18시간,,,배터리일체형,,,,,,,,,,,,,,
114800,스마트워치,전화통화,"1.3""",240x240,IPS,터치스크린,블루투스4.0,"iOS8.0이상, 안드로이드4.4이상",,"문자, 전화",,,"달리기, 사이클링, 트랙킹, 심박측정, 운동정보기록, 수면패턴분석",,,"날짜,요일표시, 다중언어, GPS, 날씨, 계산기, 자이로센서, 가속계센서, 기압센서, 알람설정",생활방수(IP65),,3일,14일,,400mAh,90g,,microUSB,,,,,,,,,,,,,,
18970,스마트워치,"1.22""",240x240,터치스크린,블루투스4.0,,64MB내장,,,"SNS, 문자, 전화",,,"혈압측정, 혈중산소농도, 이동거리측정, 달리기, 트랙킹, 칼로리측정, 수면패턴분석",,,"내휴대폰찾기, 날씨",음악플레이어,생활방수(IP68),7일,,,170mAh,,,,,,,,,,,,,,,,,
69000,스마트워치,밴드교체형,전화통화,"1.22""",240x204,터치스크린,블루투스4.0,"iOS7.0이상, 안드로이드4.3이상",,128M,64MB내장,,"SNS, e메일, 문자, 전화",,,"심박측정, 운동정보기록, 수면패턴분석, 만보계",,,"심박센서, 음성명령, 분실방지",생활방수(IP54),,180시간,,,배터리,300mAh,70g,22mm,,,,,,,,,,,
133080,스마트워치,3G,전화통화,"1.39""",400x400,블루투스,"1.3GHz, MTK6580",512M,8G내장,"혈압측정, 혈중산소농도, 심박측정, 수면패턴분석, 만보계",,,"심박센서, GPS, 음악재생(저장가능), 날씨","생활방수, 생활방수(IP54)",,2시간,,,360mAh,,,,,,,,,,,,,,,,,,,,
38130,스마트워치,블루투스,,일정,,,"달리기, 사이클링, 수면패턴분석",,,"내휴대폰찾기, 원격촬영, 진동경보",방수(5ATM),,,,,,,,,,,,,,,,,,,,,,,,,,,,
2060000,스마트워치,밴드교체형,무선랜(WiFi),368x448,OLED,터치스크린,블루투스5.0,,,32G내장,,,"여성 건강 모니터링, 이동거리측정, 심박측정, 운동정보기록",,,"넘어짐 감지, 주변광센서, GPS, SOS안심서비스, 항상화면켜짐, 화면테마설정, 앱설치, 자이로센서, 가속계센서, 나침반센서, 기압센서, 음악 스트리밍",생활방수(최대50m),,최대18시간,,,배터리일체형,,,,,,,,,,,,,,,,,
45500,스마트워치,블루투스,,"e메일, 문자, 전화",,,"이동거리측정, 칼로리측정, 운동정보기록, 만보계",,,원격촬영,방수(5ATM),,147g,,,,,,,,,,,,,,,,,,,,,,,,,,
820000,스마트워치,밴드교체형,무선랜(WiFi),"1.2""",218x218,크로마디스플레이,블루투스4.0LE,"iOS, 안드로이드",,32MB내장,,,"e메일, 문자, 전화",,,"일일활동량측정, 달리기, 사이클링, 수영모니터링, 트랙킹, 수면패턴분석",,,"GPS, 음성명령, 고도센서, 나침반센서, 기압센서, 알람설정, 진동경보",방수(최대100m),,배터리일체형,300mAh,75g,,,,,,,,,,,,,,,
92130,스마트워치,3G,무선랜(WiFi),"1.39""",400x400,AM-OLED,터치스크린,블루투스4.0,안드로이드,"1.3GHz, MTK6580, 쿼드코어",1G,16G내장,500만화소,,,"심박측정, 만보계",,,"GPS, 날씨, 음성녹음, 알람설정, 음악 스트리밍",,,배터리일체형,350mAh,,,,,,,,,,,,,,,,
88610,스마트워치,"1.3""",360x360,AM-OLED,터치스크린,블루투스5.0,"e메일, 일정, 알람, 문자",,,"달리기, 사이클링, 심박측정, 운동정보기록, 수면패턴분석, 만보계",,,"GPS, 화면테마설정, 알람설정, 진동경보, 음악 스트리밍",,,20일,,,,,,,,,,,,,,,,,,,,,,,
36280,스마트워치,"1.22""",240x240,OLED,터치스크린,블루투스4.0,"문자, 전화",,,"혈압측정, 심박측정, 수면패턴분석, 만보계, 스트레칭알림",,,"심박센서, 알람설정",생활방수(IP67),,,,,,,,,,,,,,,,,,,,,,,,,
369000,스마트워치,OLED,터치스크린,"e메일, 문자",,,"VO2 MAX, 사이클링, 수영모니터링, 심박측정, 수면패턴분석",,,"날짜,요일표시, 타이머, GPS, 내휴대폰찾기, 날씨, 스톱워치, 기압센서",방수(5ATM),,최대5일,,,스테인리스스틸,24.5,,,,,,,,,,,,,,,,,,,,,,
97290,스마트워치,밴드교체형,3G,무선랜(WiFi),전화통화,"1.39""",400x400,AM-OLED,블루투스4.0,안드로이드5.1,"iOS, 안드로이드",,"1.3GHz, MTK6580, 쿼드코어",512M,4G내장,200만화소,,,"SNS, 문자, 전화",,,"심박측정, 만보계",,,"심박센서, GPS, 내휴대폰찾기, 분실방지, 음성명령(구글나우), 음성녹음",음악플레이어,,배터리,400mAh,,,,,,,,,,
32740,스마트워치,"1.22""",240x240,터치스크린,블루투스4.0,,"SNS, 문자, 전화",,,"이동거리측정, 달리기, 사이클링, 칼로리측정, 수면패턴분석, 만보계",,,"날짜,요일표시, 내휴대폰찾기, 원격촬영, 분실방지",음악플레이어,생활방수(IP68),배터리일체형,320mAh,,,,,,,,,,,,,,,,,,,,,,
278635,스마트워치,,,"이동거리측정, 사이클링, 수영모니터링, 심박측정, 칼로리측정, 수면패턴분석, 만보계",,,"날짜,요일표시, 다중언어, 듀얼타임, 심박센서, GPS, 스톱워치, 배터리확인, 온도확인, 고도센서, 알람설정, 속도계",방수(5ATM),,,,,,,,,,,,,,,,,,,,,,,,,,,,,,,
121700,스마트워치,,,"이동거리측정, 달리기, 사이클링, 심박측정",,,"심박센서, GPS, 내휴대폰찾기, 앱설치, 가속계센서",방수(5ATM),,"시계모드:9일,트레이닝모드:12시간",,,37.3g,,,,,,,,,,,,,,,,,,,,,,,,,,
15644,스마트워치,터치스크린,블루투스4.0,"SNS, 문자",,,"이동거리측정, 달리기, 사이클링, 수영모니터링, 트랙킹, 심박측정, 칼로리측정, 수면패턴분석, 만보계, 스트레칭알림",,,"날짜,요일표시, 스톱워치, 화면테마설정",생활방수(IP68),,15일,,,배터리일체형,120mAh,,,,,,,,,,,,,,,,,,,,,,
27809,스마트워치,"1.3""",240x240,"안드로이드4.4이상, iOS9.0이상",,,"문자, 전화",,,"VO2 MAX, 이동거리측정, 달리기, 사이클링, 심박측정, 수면패턴분석",,,"내휴대폰찾기, 원격촬영, 스톱워치",생활방수(IP68),,5일,,,,,,,,,,,,,,,,,,,,,,,
820000,스마트워치,밴드교체형,무선랜(WiFi),"1.2""",240x240,블루투스,32M,,,"SNS, e메일, 문자, 전화",,,"달리기, 사이클링, 수영모니터링, 심박측정, 칼로리측정, 수면패턴분석, 만보계, 골프",,,"심박센서, GPS, 내휴대폰찾기, 스톱워치, 화면테마설정, 고도센서, 나침반센서, 기압센서, 진동경보, 일출,일몰알림",음악플레이어,방수(10ATM),44시간(UltraTrac모드),,,87g(실리콘밴드),,,,,,,,,,,,,,,,,
439000,스마트워치,240x240,AM-OLED,문자,,,"VO2 MAX, 달리기, 사이클링, 수영모니터링, 심박측정",,,"타이머, GPS, 내휴대폰찾기, 날씨, 스톱워치, 가속계센서, 고도센서, 기압센서",방수(5ATM),,최대5일,,,25.5g,,,,,,,,,,,,,,,,,,,,,,,
44570,스마트워치,밴드교체형,터치스크린,"SNS, 문자, 전화",,,"혈압측정, 이동거리측정, 달리기, 사이클링, 수영모니터링, 트랙킹, 심박측정, 칼로리측정, 운동정보기록, 수면패턴분석, 만보계, 스트레칭알림",,,"원격촬영, 화면테마설정, 알람설정",생활방수(IP68),,7~12일,,,배터리일체형,200mAh,,,,,,,,,,,,,,,,,,,,,,
209913,스마트워치,"1.2""",390x390,AM-OLED,블루투스5.1,"안드로이드4.4이상, iOS9.0이상",16M,4G내장,,"문자, 전화",,,"스트레스모니터링, 혈압측정, VO2 MAX, 달리기, 사이클링, 수영모니터링, 트랙킹, 심박측정, 수면패턴분석",,,"날짜,요일표시, GPS, 음악재생(저장가능), 내휴대폰찾기, 화면테마설정, 자이로센서, 기압센서, 알람설정",방수(5ATM),,7일,,,스테인리스스틸,29g,,,,,,,,,,,,,,,,
21510,스마트워치,3G(국내USIM사용X),전화통화,"1.56""",240x240,LCD,블루투스3.0,,,"533Mhz, MTK6260A",128M,64MB내장,"microSD,최대32G","내장스피커,마이크",200만화소,"문자, 전화",,,"수면패턴분석, 만보계",,,"원격촬영, 분실방지, 연락처연동, 음성녹음",음악플레이어,,3시간,180시간,,배터리,380mAh,"블랙, 오렌지, 화이트",51g,,,microUSB,,,,,
1790000,스마트워치,밴드교체형,무선랜(WiFi),324x394,OLED,터치스크린,블루투스5.0,,,32G내장,,,"문자, 전화",,,"여성 건강 모니터링, 이동거리측정, 심박측정, 운동정보기록",,,"넘어짐 감지, 주변광센서, GPS, SOS안심서비스, 항상화면켜짐, 화면테마설정, 앱설치, 자이로센서, 가속계센서, 나침반센서, 기압센서, 음악 스트리밍",생활방수(최대50m),,최대18시간,,,배터리일체형,,,,,,,,,,,,,,
38410,스마트워치,밴드일체형,"1.3""",터치스크린,,,"문자, 전화",,,"이동거리측정, 사이클링, 수영모니터링, 칼로리측정, 수면패턴분석, 만보계",,,"날씨, 스톱워치",생활방수(IP67),,배터리일체형,145mAh,40g,,,,,,,,,,,,,,,,,,,,,
209100,스마트워치,밴드교체형,전화통화,"1.63""",320x320,슈퍼AM-OLED,터치스크린,블루투스4.0,타이젠,안드로이드4.3이상,,,듀얼코어,512M,"내장스피커,마이크","SNS, 카톡, e메일, 일정, 문자, 전화",,,"심박측정, 운동코칭, 만보계",,,"TV, 셋톱박스","심박센서, GPS, 음악재생(저장가능), 스마트릴레이(워치→스마트폰), S보이스, 화면테마설정, 앱설치(삼성앱스토어)",음악플레이어,생활방수(IP67),,,2~3일,,,전용거치대,배터리일체형,300mAh,"모카그레이, 차콜블랙, 와일드오렌지",3.8x5.9cm,55g,,,
650100,스마트워치,밴드교체형,무선랜(WiFi),368x448,OLED,터치스크린,블루투스5.0,,,32G내장,,,"여성 건강 모니터링, 이동거리측정, 심박측정, 운동정보기록",,,"넘어짐 감지, 주변광센서, GPS, SOS안심서비스, 항상화면켜짐, 화면테마설정, 앱설치, 자이로센서, 가속계센서, 나침반센서, 기압센서, 음악 스트리밍",생활방수(최대50m),,최대18시간,,,배터리일체형,,,,,,,,,,,,,,,,,
499000,스마트워치,밴드교체형,무선랜(WiFi),"1.2""",240x240,터치스크린,블루투스,,,"SNS, 문자",,,"VO2 MAX, 이동거리측정, 달리기, 수영모니터링, 심박측정, 칼로리측정, 운동코칭, 수면패턴분석, 만보계",,,"심박센서, GPS, 음악재생(저장가능), 날씨, 자이로센서, 가속계센서, 온도확인, 기압센서",방수(5ATM),,,,,,,,,,,,,,,,,,,,,,
17950,스마트워치,블루투스4.1,,"문자, 전화",,,"운동정보기록, 만보계",,,,,,,,,,,,,,,,,,,,,,,,,,,,,,,,
720000,스마트워치,밴드교체형,무선랜(WiFi),"1.1""",218x218,블루투스,"iOS, 안드로이드",,,64M,,,"SNS, 문자, 전화",,,"이동거리측정, 달리기, 사이클링, 수영모니터링, 트랙킹, 심박측정, 칼로리측정, 운동정보기록, 수면패턴분석, 만보계, 골프",,,"심박센서, GPS, 내휴대폰찾기, 항상화면켜짐, 화면테마설정, 고도센서, 나침반센서, 기압센서, 진동경보",음악플레이어,방수(10ATM),28시간(UltraTrac모드),,,"블랙, 화이트",67g,,,,,,,,,,,,,
39690,스마트워치,블루투스,,"문자, 전화",,,"이동거리측정, 달리기, 칼로리측정, 운동정보기록, 만보계",,,원격촬영,방수(5ATM),,,,,,,,,,,,,,,,,,,,,,,,,,,,
369000,스마트워치,OLED,터치스크린,"e메일, 문자",,,"VO2 MAX, 사이클링, 수영모니터링, 심박측정, 수면패턴분석",,,"날짜,요일표시, 타이머, GPS, 내휴대폰찾기, 날씨, 스톱워치, 기압센서",방수(5ATM),,최대5일,,,스테인리스스틸,24.5,,,,,,,,,,,,,,,,,,,,,,
68170,스마트워치,"0.49""",OLED,터치스크린,블루투스4.0,,"알람, 문자, 전화",,,"혈압측정, 혈중산소농도, 달리기, 심박측정, 칼로리측정, 수면패턴분석, 만보계",,,"원격촬영, 스톱워치, 알람설정",방수(3ATM),,배터리일체형,90mAh,,,,,,,,,,,,,,,,,,,,,,
68250,스마트워치,"1.54""",240x240,블루투스4.0,,,MTK2502,128M,32MB내장,200만화소,,,"문자, 전화",,,"이동거리측정, 칼로리측정, 수면패턴분석, 만보계",,,"날짜,요일표시, 원격촬영, 연락처연동, 스톱워치, 화면테마설정, NFC, 음성녹음, 진동경보, 음악 스트리밍",생활방수(IP57),,3,,,배터리일체형,300mAh,,USB,,,,,,,,,,,
168680,스마트워치,밴드교체형,"2.0""",LCD,터치스크린,블루투스4.0,안드로이드,,,"1.5GHz, MTK6739",1G,16G내장,800만화소,,,"문자, 전화",,,"이동거리측정, 심박측정, 칼로리측정, 만보계",,,"GPS, 음악 스트리밍",,,900mAh,,,,,,,,,,,,,,
500000,스마트워치,밴드교체형,무선랜(WiFi),324x394,OLED,터치스크린,블루투스5.0,,,듀얼코어,16G내장,,"호흡가이드, 운동동작인식, 이동거리측정, 심박측정, 칼로리측정, 만보계",,,"기온, 넘어짐 감지, 심박센서, 주변광센서, GPS, 자이로센서, 가속계센서, 고도센서, 기압센서",음악플레이어,방수(5ATM),18시간,,,,,,,,,,,,,,,,,,,,
549000,스마트워치,밴드교체형,"1.2""",터치스크린,블루투스,,"만보계, 골프",,,"GPS, 자이로센서, 가속계센서",방수(5ATM),,,,,,,,,,,,,,,,,,,,,,,,,,,,
271890,스마트워치,LTE,AM-OLED,블루투스4.0,,,"심박측정, 운동정보기록, 수면패턴분석",,,,,,,,,,,,,,,,,,,,,,,,,,,,,,,,
12400,스마트밴드,,,"문자, 전화",,,"혈압측정, 심박측정, 수면패턴분석",,,"원격촬영, 날씨, 알람설정",생활방수(IP67),,7일,,,,,,,,,,,,,,,,,,,,,,,,,,
31370,스마트워치,"1.24""",블루투스4.0,"문자, 전화",,,"이동거리측정, 칼로리측정, 만보계",,,"날짜,요일표시, 원격촬영, 스톱워치, 알람설정",생활방수(IP67),,33개월,,,배터리일체형,610mAh,78g,,,,,,,,,,,,,,,,,,,,,
157360,스마트워치,,,"문자, 전화",,,"이동거리측정, 칼로리측정",,,알람설정,생활방수(IP67),,최대24시간,,,스테인리스스틸,,,,,,,,,,,,,,,,,,,,,,,
315350,스마트워치,밴드교체형,"1.04""",208x208,,,"이동거리측정, 달리기, 사이클링, 수영모니터링, 심박측정, 칼로리측정, 수면패턴분석",,,"GPS, 내휴대폰찾기, 날씨",음악플레이어,방수(5ATM),최대7일,,,"강화유리, 실리콘",,,,,,,,,,,,,,,,,,,,,,,
14820,스마트워치,"1.3""",IPS,블루투스4.0,,,"문자, 전화",,,"혈압측정, 심박측정",,,알람설정,생활방수(IP67),,7일,,,180mAh,,,,,,,,,,,,,,,,,,,,
198000,스마트워치,"1.3""",AM-OLED,터치스크린,블루투스4.2,,"이동거리측정, 심박측정, 칼로리측정, 수면패턴분석, 만보계",,,"심박센서, GPS, 자이로센서, 나침반센서, 기압센서",방수(5ATM),,평균 2주,,,,,,,,,,,,,,,,,,,,,,,,,,
36800,스마트워치,"1.3""",240x240,IPS,"안드로이드4.4이상, iOS9.0이상",,"알람, 문자, 전화",,,"이동거리측정, 심박측정, 칼로리측정, 수면패턴분석, 만보계",,,"GPS, 원격촬영, 날씨, 스톱워치",음악플레이어,생활방수(IP67),3~7일,,,170mAh,,,,,,,,,,,,,,,,,,,,
239170,스마트워치,밴드교체형,전화통화,"1.63""",320x320,슈퍼AM-OLED,터치스크린,블루투스4.0,타이젠,안드로이드4.3이상,,,듀얼코어,512M,"HD, 30프레임","내장스피커,마이크",200만화소,,"SNS, e메일, 일정, 문자, 전화",,,"심박측정, 운동코칭, 만보계",,,"TV, 셋톱박스","심박센서, 음악재생(저장가능), 스마트릴레이(워치→스마트폰), S보이스, 화면테마설정, 앱설치(삼성앱스토어)",음악플레이어,생활방수(IP67),,,2~3일,,,전용거치대,배터리일체형,300mAh,"차콜블랙, 골드브라운, 와일드오렌지",3.7x5.8cm,68g
592520,스마트워치,터치스크린,블루투스,"일일활동량측정, 이동거리측정, 달리기, 사이클링, 수영모니터링, 칼로리측정, 운동정보기록, 만보계",,,"날짜,요일표시, 다중언어, 듀얼타임, GPS, 스톱워치, 고도센서, 나침반센서, 기압센서, 알람설정, 속도계",방수(10ATM),,26시간,,,,,,,,,,,,,,,,,,,,,,,,,,,,,
82000,스마트워치,전화통화,"1.54""",240x240,블루투스4.0,"iOS, 안드로이드","SNS, e메일, 문자, 전화",,,만보계,,,"원격촬영, 음성녹음, 음성읽기, 음성변환",음악플레이어,이지클린,배터리,320mAh,"그린, 블랙, 화이트",56g,,,,,,,,,,,,,,,,,,,,
72000,스마트워치,터치스크린,,128M,,,"문자, 전화",,,"혈압측정, 이동거리측정, 심박측정, 칼로리측정, 운동정보기록, 수면패턴분석",,,날씨,생활방수(IP67),,,,,,,,,,,,,,,,,,,,,,,,,
273480,스마트워치,밴드일체형,블루투스,"문자, 전화",,,"심박측정, 운동정보기록, 수면패턴분석",,,심박센서,,,"탠저린, 블랙, 블루",약75g,,,,,,,,,,,,,,,,,,,,,,,,,
95550,스마트워치,2G,전화통화,"2.2""",240x240,IPS,블루투스,,,MTK2502,64M,128MB내장,내장,,,"SNS, 문자, 전화",,,"수면패턴분석, 만보계, 스트레칭알림",,,"날짜,요일표시, 원격촬영, 연락처연동, 스톱워치, 화면테마설정, 음악 스트리밍",,,배터리일체형,500mAh,실리콘,44g,,,"microSIM, USB",,,,,,,,
24837,스마트워치,밴드교체형,"1.3""",블루투스4.0,"iOS8.0이상, 안드로이드4.4이상",,"SNS, 문자, 전화",,,"혈압측정, 이동거리측정, 심박측정, 칼로리측정, 수면패턴분석, 만보계",,,"원격촬영, 날씨",생활방수(IP67),,7일,,,,,,,,,,,,,,,,,,,,,,,
97500,스마트워치,밴드교체형,전화통화,"1.22""",240x240,블루투스4.0,"iOS7.0이상, 안드로이드4.3이상",,,MT2502A,64M,128MB내장,"SNS, 문자, 전화",,,"일일활동량측정, 이동거리측정, 심박측정, 만보계",,,"심박센서, 분실방지",생활방수,,7일,,,배터리,320mAh,,,,,,,,,,,,,
24496,스마트워치,"1.0""",OLED,터치스크린,블루투스4.0,"iOS8.0이상, 안드로이드4.4이상","문자, 전화",,,"이동거리측정, 칼로리측정, 수면패턴분석, 만보계, 스트레칭알림",,,"날짜,요일표시, 다중언어, 원격촬영, 알람설정",음악플레이어,생활방수(IP68),배터리일체형,110mAh,,,,,,,,,,,,,,,,,,,,,,
44490,스마트워치,"1.3""",240x240,블루투스4.0,"안드로이드4.4이상, iOS9.0이상",,"문자, 전화",,,"혈압측정, 혈중산소농도, 사이클링, 심박측정, 칼로리측정, 수면패턴분석",,,원격촬영,생활방수(IP67),,3~4일,,,180mAh,,,,,,,,,,,,,,,,,,,,
1320000,스마트워치,밴드교체형,무선랜(WiFi),368x448,OLED,터치스크린,블루투스5.0,,,32G내장,,,"여성 건강 모니터링, 이동거리측정, 심박측정, 운동정보기록",,,"넘어짐 감지, 주변광센서, GPS, SOS안심서비스, 항상화면켜짐, 화면테마설정, 앱설치, 자이로센서, 가속계센서, 나침반센서, 기압센서, 음악 스트리밍",생활방수(최대50m),,최대18시간,,,배터리일체형,,,,,,,,,,,,,,,,,
949400,스마트워치,밴드교체형,무선랜(WiFi),368x448,OLED,터치스크린,블루투스5.0,,,32G내장,,,"여성 건강 모니터링, 이동거리측정, 심박측정, 운동정보기록",,,"넘어짐 감지, 주변광센서, GPS, SOS안심서비스, 항상화면켜짐, 화면테마설정, 앱설치, 자이로센서, 가속계센서, 나침반센서, 기압센서, 음악 스트리밍",생활방수(최대50m),,최대18시간,,,배터리일체형,,,,,,,,,,,,,,,,,
890010,스마트워치,밴드교체형,무선랜(WiFi),324x394,OLED,터치스크린,블루투스5.0,,,32G내장,,,"문자, 전화",,,"여성 건강 모니터링, 이동거리측정, 심박측정, 운동정보기록",,,"넘어짐 감지, 주변광센서, GPS, SOS안심서비스, 항상화면켜짐, 화면테마설정, 앱설치, 자이로센서, 가속계센서, 나침반센서, 기압센서, 음악 스트리밍",생활방수(최대50m),,최대18시간,,,배터리일체형,,,,,,,,,,,,,,
1250000,스마트워치,밴드교체형,무선랜(WiFi),324x394,OLED,터치스크린,블루투스5.0,,,32G내장,,,"문자, 전화",,,"여성 건강 모니터링, 이동거리측정, 심박측정, 운동정보기록",,,"넘어짐 감지, 주변광센서, GPS, SOS안심서비스, 항상화면켜짐, 화면테마설정, 앱설치, 자이로센서, 가속계센서, 나침반센서, 기압센서, 음악 스트리밍",생활방수(최대50m),,최대18시간,,,배터리일체형,,,,,,,,,,,,,,
770120,스마트워치,블루투스,,"이동거리측정, 칼로리측정, 수면패턴분석, 만보계",,,방수(10ATM),,,,,,,,,,,,,,,,,,,,,,,,,,,,,,,,
64070,스마트워치,"1.44""",,문자,,,"GPS, 원격촬영, SOS안심서비스",생활방수(IP67),,100시간,,,480mAh,,,,,,,,,,,,,,,,,,,,,,,,,,
1250000,스마트워치,밴드교체형,무선랜(WiFi),324x394,OLED,터치스크린,블루투스5.0,,,32G내장,,,"문자, 전화",,,"여성 건강 모니터링, 이동거리측정, 심박측정, 운동정보기록",,,"넘어짐 감지, 주변광센서, GPS, SOS안심서비스, 항상화면켜짐, 화면테마설정, 앱설치, 자이로센서, 가속계센서, 나침반센서, 기압센서, 음악 스트리밍",생활방수(최대50m),,최대18시간,,,배터리일체형,,,,,,,,,,,,,,
652410,스마트워치,밴드교체형,무선랜(WiFi),324x394,OLED,터치스크린,블루투스5.0,,,32G내장,,,"문자, 전화",,,"여성 건강 모니터링, 이동거리측정, 심박측정, 운동정보기록",,,"넘어짐 감지, 주변광센서, GPS, SOS안심서비스, 항상화면켜짐, 화면테마설정, 앱설치, 자이로센서, 가속계센서, 나침반센서, 기압센서, 음악 스트리밍",생활방수(최대50m),,최대18시간,,,배터리일체형,,,,,,,,,,,,,,
899000,스마트워치,밴드교체형,무선랜(WiFi),324x394,OLED,터치스크린,블루투스5.0,,,32G내장,,,"문자, 전화",,,"여성 건강 모니터링, 이동거리측정, 심박측정, 운동정보기록",,,"넘어짐 감지, 주변광센서, GPS, SOS안심서비스, 항상화면켜짐, 화면테마설정, 앱설치, 자이로센서, 가속계센서, 나침반센서, 기압센서, 음악 스트리밍",생활방수(최대50m),,최대18시간,,,배터리일체형,,,,,,,,,,,,,,
34980,스마트워치,"1.24""",,"문자, 전화",,,"일일활동량측정, 이동거리측정, 칼로리측정",,,"원격촬영, 가속계센서, 알람설정",방수(최대50m),,12개월,,,610mAh,,,,,,,,,,,,,,,,,,,,,,,
16900,스마트워치,"1.44""",128x128,블루투스4.0,,,"문자, 전화",,,"혈압측정, 심박측정, 칼로리측정",,,원격촬영,생활방수(IP68),,6일,,,230mAh,,,,,,,,,,,,,,,,,,,,
499200,스마트워치,밴드교체형,무선랜(WiFi),324x394,OLED,터치스크린,블루투스5.0,,,듀얼코어,16G내장,,"호흡가이드, 운동동작인식, 이동거리측정, 심박측정, 칼로리측정, 만보계",,,"기온, 넘어짐 감지, 심박센서, 주변광센서, GPS, 자이로센서, 가속계센서, 고도센서, 기압센서",음악플레이어,방수(5ATM),18시간,,,,,,,,,,,,,,,,,,,,
130850,스마트워치,3G,전화통화,터치스크린,블루투스4.0,,내장,,,"알람, 전화",,,"이동거리측정, 만보계",,,"GPS, SOS안심서비스, 연락처연동, 스톱워치, 알람설정",생활방수(IP54),,72시,,,,,,,,,,,,,,,,,,,,
1990000,스마트워치,밴드교체형,무선랜(WiFi),324x394,OLED,터치스크린,블루투스5.0,,,32G내장,,,"문자, 전화",,,"여성 건강 모니터링, 이동거리측정, 심박측정, 운동정보기록",,,"넘어짐 감지, 주변광센서, GPS, SOS안심서비스, 항상화면켜짐, 화면테마설정, 앱설치, 자이로센서, 가속계센서, 나침반센서, 기압센서, 음악 스트리밍",생활방수(최대50m),,최대18시간,,,배터리일체형,,,,,,,,,,,,,,
990000,스마트워치,"1.2""",,32G내장,,,"문자, 전화",,,"스트레스모니터링, VO2 MAX, 이동거리측정, 달리기, 사이클링, 수영모니터링, 심박측정, 운동정보기록, 수면패턴분석, 스키",,,"타이머, GPS, 음악재생(저장가능), 내휴대폰찾기, 고도센서, 기압센서, 알람설정, 속도계, 일출,일몰알림",방수(10ATM),,최대9일,,,,,,,,,,,,,,,,,,,,,,,
603000,스마트워치,밴드교체형,전화통화,iOS,,,"내장스피커,마이크",,,"e메일, 일정, 문자, 전화",,,"심박측정, 칼로리측정, 운동정보기록, 만보계",,,"심박센서, 음악재생(저장가능), 내휴대폰찾기, 원격촬영, 사진앨범, 날씨, 스톱워치, 음성명령(Siri)",생활방수,,18시간,,,배터리일체형,알루미늄,,,,,,,,,,,,,,,,
685010,스마트워치,밴드교체형,무선랜(WiFi),368x448,OLED,터치스크린,블루투스5.0,,,32G내장,,,"여성 건강 모니터링, 이동거리측정, 심박측정, 운동정보기록",,,"넘어짐 감지, 주변광센서, GPS, SOS안심서비스, 항상화면켜짐, 화면테마설정, 앱설치, 자이로센서, 가속계센서, 나침반센서, 기압센서, 음악 스트리밍",생활방수(최대50m),,최대18시간,,,배터리일체형,,,,,,,,,,,,,,,,,
88360,스마트워치,밴드교체형,"1.26""",320x320,터치스크린,블루투스4.0,128M,128MB내장,,"이동거리측정, 사이클링, 심박측정, 수면패턴분석, 만보계",,,"GPS, 원격촬영, 나침반센서, 기압센서",생활방수(IP68),,배터리일체형,450mAh,,,,,,,,,,,,,,,,,,,,,,
383420,스마트워치,"1.19""",390x390,"문자, 전화",,,"운동동작인식, 심박측정",,,무선충전,음악플레이어,생활방수(IP67),24시간,,,300mAh,,,,,,,,,,,,,,,,,,,,,,,
79800,스마트워치,"0.96""",80x160,"혈압측정, 심박측정, 수면패턴분석",,,알람설정,생활방수,,7일,,,130mAh,,,,,,,,,,,,,,,,,,,,,,,,,,
388000,스마트워치,"1.2""",블루투스,"문자, 전화",,,"달리기, 사이클링, 골프",,,"날씨, 클라우드동기화",,,메탈,"그레이, 블랙, 화이트",,,,,,,,,,,,,,,,,,,,,,,,,
93200,스마트워치,블루투스,,"이동거리측정, 칼로리측정, 수면패턴분석, 만보계",,,내휴대폰찾기,생활방수(최대30m),,,,,,,,,,,,,,,,,,,,,,,,,,,,,,,
346990,스마트워치,,,"심박측정, 칼로리측정, 수면패턴분석, 만보계",,,"심박센서, GPS",,,,,,,,,,,,,,,,,,,,,,,,,,,,,,,,
170960,스마트워치,,,"SNS, 문자",,,"이동거리측정, 트랙킹, 수면패턴분석",,,"원격촬영, 알람설정",방수(5ATM),,,,,,,,,,,,,,,,,,,,,,,,,,,,
195010,스마트워치,밴드일체형,심박측정,,,,,,,,,,,,,,,,,,,,,,,,,,,,,,,,,,,,
139000,스마트워치,밴드교체형,"1.0""",240x240,터치스크린,블루투스4.2,"안드로이드5.0, iOS8.0이상",,,"SNS, 문자, 전화",,,"이동거리측정, 심박측정, 칼로리측정, 운동정보기록, 수면패턴분석, 만보계",,,"원격촬영, 분실방지, 날씨, 알람설정, 진동경보, 음악 스트리밍",방수(5ATM),,3일,30일,,배터리일체형,180mAh,,,,,,,,,,,,,,,,
139490,스마트워치,"1.22""",240x204,IPS,블루투스4.0,,"SNS, 문자, 전화",,,"심박측정, 수면패턴분석",,,"내휴대폰찾기, 원격촬영, 가속계센서, 알람설정",생활방수(IP53),,320mAh,,,,,,,,,,,,,,,,,,,,,,,
1403700,스마트워치,밴드교체형,무선랜(WiFi),블루투스,,,"심박측정, 운동정보기록",,,"심박센서, GPS, 음악재생(저장가능), 고도센서, 나침반센서, 기압센서",방수(10ATM),,,,,,,,,,,,,,,,,,,,,,,,,,,,
486040,스마트워치,밴드교체형,무선랜(WiFi),368x448,OLED,터치스크린,블루투스5.0,,,듀얼코어,16G내장,,"호흡가이드, 운동동작인식, 이동거리측정, 심박측정, 칼로리측정, 만보계",,,"기온, 넘어짐 감지, 심박센서, 주변광센서, GPS, 자이로센서, 가속계센서, 고도센서, 기압센서",음악플레이어,방수(최대50m),18시간,,,,,,,,,,,,,,,,,,,,
42300,스마트워치,밴드일체형,터치스크린,블루투스4.0,"iOS7.0이상, 안드로이드5.0.1이상",,"문자, 전화",,,만보계,,,"원격촬영, 알람설정",생활방수,,290mAh,168g,,,,,,,,,,,,,,,,,,,,,,
241240,스마트워치,"1.39""",400x400,AM-OLED,"블루투스3.0, 블루투스4.0",,쿼드코어,1G,16G내장,200만화소,,,"알람, 문자, 전화",,,"달리기, 사이클링",,,"GPS, 날씨, 앱설치(구글플레이), 응급메시지전송",생활방수(IP68),,100g,,,,,,,,,,,,,,,,,
52320,스마트워치,밴드일체형,,"문자, 전화",,,"혈압측정, 달리기, 사이클링, 심박측정",,,원격촬영(iOS미지원),생활방수(IP67),,7일,,,180mAh,,,,,,,,,,,,,,,,,,,,,,,
22662,스마트워치,"1.3""",240x240,IPS,블루투스,"안드로이드5.1이상, iOS9.0이상","SNS, 알람, 문자, 전화",,,"이동거리측정, 달리기, 사이클링, 수영모니터링, 심박측정, 칼로리측정, 만보계",,,생활방수(IP68),,,최대5일,,,160mAh,,,,,,,,,,,,,,,,,,,,
1860000,스마트워치,밴드교체형,무선랜(WiFi),368x448,OLED,터치스크린,블루투스5.0,,,32G내장,,,"여성 건강 모니터링, 이동거리측정, 심박측정, 운동정보기록",,,"넘어짐 감지, 주변광센서, GPS, SOS안심서비스, 항상화면켜짐, 화면테마설정, 앱설치, 자이로센서, 가속계센서, 나침반센서, 기압센서, 음악 스트리밍",생활방수(최대50m),,최대18시간,,,배터리일체형,,,,,,,,,,,,,,,,,
58440,스마트워치,밴드교체형,"1.0""",128x128,LCD,터치스크린,블루투스4.0,,,"SNS, 문자, 전화",,,"이동거리측정, 달리기, 심박측정, 칼로리측정, 만보계",,,"날짜,요일표시, GPS, 원격촬영, 날씨",생활방수(IP68),,5~7일,15일,,배터리일체형,300mAh,,,,,,,,,,,,,,,,
23670,스마트워치,"0.96""",80x160,블루투스4.0,,,"문자, 전화",,,"심박측정, 수면패턴분석",,,생활방수(IP67),,,7일,,,105mAh,25g,,,,,,,,,,,,,,,,,,,
336000,스마트워치,무선랜(WiFi),"1.19""",터치스크린,블루투스4.1BLE,,"문자, 전화",,,"칼로리측정, 수면패턴분석, 만보계",,,알람설정,음악플레이어,"방수,방진(IP67)",,,,,,,,,,,,,,,,,,,,,,,,
70980,스마트워치,밴드일체형,"1.22""",240x240,,,"문자, 전화",,,"혈압측정, 심박측정",,,"기온, 타이머, 원격촬영(iOS미지원), 알람설정",생활방수(IP67),,150mAh,,,,,,,,,,,,,,,,,,,,,,,
466500,스마트워치,밴드교체형,LTE,무선랜(WiFi),블루투스4.2,iOS,16G내장,,,"e메일, 문자, 전화",,,"호흡가이드, 일일활동량측정, 이동거리측정, 수영모니터링, 심박측정, 운동정보기록, 운동코칭, 만보계",,,"심박센서, GPS, 음성명령(Siri), 자이로센서, 가속계센서, 기압센서, 음악 스트리밍",방수(최대50m),,18시간,,,배터리일체형,알루미늄,,,,,,,,,,,,,,,,
215100,스마트워치,밴드교체형,전화통화,iOS,,,"내장스피커,마이크",,,"e메일, 일정, 문자, 전화",,,"심박측정, 칼로리측정, 운동정보기록, 만보계",,,"심박센서, 음악재생(저장가능), 내휴대폰찾기, 원격촬영, 사진앨범, 날씨, 스톱워치, 음성명령(Siri)",생활방수,,18시간,,,배터리일체형,알루미늄,,,,,,,,,,,,,,,,
27960,스마트워치,"1.3""",IPS,터치스크린,,,"SNS, 문자, 전화",,,"이동거리측정, 심박측정, 칼로리측정, 수면패턴분석, 만보계",,,심박센서,음악플레이어,생활방수(IP67),,,,,,,,,,,,,,,,,,,,,,,,
379000,스마트워치,밴드교체형,무선랜(WiFi),전화통화,블루투스,iOS,듀얼코어,8G내장,,"일정, 문자, 전화",,,"스트레스모니터링, 일일활동량측정, 이동거리측정, 달리기, 심박측정, 칼로리측정, 운동정보기록, 운동코칭",,,"심박센서, GPS, SOS안심서비스, 고도센서, 기압센서",방수(최대50m),,18시간,,,배터리일체형,,,,,,,,,,,,,,,,,
268990,스마트워치,밴드교체형,전화통화,iOS,,,"내장스피커,마이크",,,"e메일, 일정, 문자, 전화",,,"심박측정, 칼로리측정, 운동정보기록, 만보계",,,"심박센서, 음악재생(저장가능), 내휴대폰찾기, 원격촬영, 사진앨범, 날씨, 스톱워치, 음성명령(Siri)",생활방수,,18시간,,,배터리일체형,알루미늄,,,,,,,,,,,,,,,,
164710,스마트워치,밴드교체형,블루투스,"이동거리측정, 칼로리측정, 수면패턴분석",,,"고도센서, 알람설정",방수(최대100m),,,,,,,,,,,,,,,,,,,,,,,,,,,,,,,
1154000,스마트워치,밴드교체형,무선랜(WiFi),"1.2""",218x218,크로마디스플레이,블루투스4.0LE,"iOS, 안드로이드",,32MB내장,,,"e메일, 문자, 전화",,,"일일활동량측정, 달리기, 사이클링, 수영모니터링, 트랙킹, 수면패턴분석",,,"GPS, 음성명령, 고도센서, 나침반센서, 기압센서, 알람설정, 진동경보",방수(최대100m),,배터리일체형,300mAh,135g,,,,,,,,,,,,,,,
320400,스마트워치,밴드교체형,무선랜(WiFi),전화통화,272x340,OLED,블루투스4.0,iOS,,듀얼코어,"내장스피커,마이크",,"SNS, e메일, 일정, 문자, 전화, 어플리케이션",,,"심박측정, 칼로리측정, 운동정보기록, 만보계",,,"심박센서, GPS, 음악재생(저장가능), 내휴대폰찾기, 원격촬영, 사진앨범, 날씨, 스톱워치, 음성명령(Siri)","생활방수, 방수(최대50m)",,약 18시간,,,배터리일체형,,,,,,,,,,,,,,
499000,스마트워치,터치스크린,,"칼로리측정, 만보계",,,"자이로센서, 알람설정",음악플레이어,생활방수(IP67),,,,,,,,,,,,,,,,,,,,,,,,,,,,,,
53660,스마트워치,밴드교체형,전화통화,"1.2""",240x240,OLED,블루투스4.0,"iOS, 안드로이드",,MT2502A,,,"SNS, 문자, 전화",,,"일일활동량측정, 이동거리측정, 심박측정, 만보계",,,"심박센서, 분실방지",생활방수(IP55),,배터리,320mAh,,,,,,,,,,,,,,,,
348000,스마트워치,"1.19""",터치스크린,블루투스4.1,"iOS7.0이상, 안드로이드4.3이상",,"알람, 문자, 전화",,,"심박측정, 칼로리측정, 만보계",,,"날짜,요일표시, GPS, 화면테마설정, NFC, 무선충전, 알람설정",음악플레이어,생활방수,1~2일,,,스테인리스스틸,,,,,,,,,,,,,,,,,,,,
21040,스마트워치,"1.54""",240x240,LCD,블루투스3.0,"iOS, 안드로이드",MTK6261,32M,30만화소,"SNS, 문자, 전화",,,"수면패턴분석, 만보계, 스트레칭알림",,,"원격촬영, 분실방지, 계산기, 일정관리, 음성녹음, 알람설정, 음악 스트리밍",,,3시간,150시간,,배터리일체형,380mAh,80g,,,,,,,,,,,,,,,
143130,스마트워치,밴드교체형,"1.22""",240x240,터치스크린,블루투스4.2,"안드로이드5.0, iOS8.0이상",,,"SNS, 문자, 전화",,,"이동거리측정, 심박측정, 칼로리측정, 운동정보기록, 수면패턴분석, 만보계",,,"원격촬영, 분실방지, 날씨, 알람설정, 진동경보, 음악 스트리밍",방수(5ATM),,3일,30일,,배터리일체형,200mAh,,,,,,,,,,,,,,,,
36380,스마트워치,"1.3""",OLED,블루투스4.1,iOS,,"SNS, 문자",,,"이동거리측정, 칼로리측정, 수면패턴분석, 만보계",,,"원격촬영, 분실방지",,,8일,60일,,배터리일체형,170mAh,36.5g,,,,,,,,,,,,,,,,,,
68700,스마트워치,블루투스4.0,,"문자, 전화",,,"여성 건강 모니터링, 혈압측정, 이동거리측정, 달리기, 사이클링, 수영모니터링, 심박측정, 칼로리측정, 수면패턴분석, 수분섭취알림",,,"원격촬영, 알람설정",생활방수(IP67),,20일,,,180mAh,,,,,,,,,,,,,,,,,,,,,,,
30000,스마트워치,"1.24""",,"문자, 전화",,,"이동거리측정, 칼로리측정",,,"원격촬영, 날씨, 스톱워치, 가속계센서",방수(5ATM),,580mAh,,,,,,,,,,,,,,,,,,,,,,,,,,
21310,스마트워치,"1.22""",240x240,블루투스4.0,,,"문자, 전화",,,"일일활동량측정, 이동거리측정, 칼로리측정, 만보계",,,방수(5ATM),,,,,,,,,,,,,,,,,,,,,,,,,,
119210,스마트워치,밴드교체형,블루투스,"이동거리측정, 칼로리측정, 수면패턴분석",,,"고도센서, 알람설정",방수(최대100m),,,,,,,,,,,,,,,,,,,,,,,,,,,,,,,
69810,스마트워치,"1.3""",LCD,블루투스4.0,,,"문자, 전화",,,"혈압측정, 이동거리측정, 달리기, 사이클링, 심박측정, 칼로리측정, 수면패턴분석",,,"날짜,요일표시, 원격촬영, 스톱워치",생활방수(IP67),,10-12일,,,,,,,,,,,,,,,,,,,,,,,
46650,스마트밴드,밴드교체형,,"SNS, 전화",,,"혈압측정, 심박측정, 칼로리측정, 운동정보기록, 수면패턴분석",,,알람설정,생활방수,,,,,,,,,,,,,,,,,,,,,,,,,,,,
598860,스마트워치,밴드교체형,3G,무선랜(WiFi),전화통화,"1.2""",360x360,슈퍼AM-OLED,터치스크린,블루투스4.1,타이젠,"안드로이드4.4이상, iOS9.0이상","1GHz, 듀얼코어",512M,4G내장,"SNS, e메일, 일정, 문자, 전화",,,"심박측정, 운동정보기록",,,"심박센서, GPS, S보이스, 연락처연동, 화면테마설정, 자이로센서, 가속계센서, 무선충전, 원형휠UX",음악플레이어,생활방수(IP68),2일,,,배터리일체형,300mAh,"실버,다크그레이",51g,,,,,,,,
1320000,스마트워치,밴드교체형,무선랜(WiFi),368x448,OLED,터치스크린,블루투스5.0,,,32G내장,,,"여성 건강 모니터링, 이동거리측정, 심박측정, 운동정보기록",,,"넘어짐 감지, 주변광센서, GPS, SOS안심서비스, 항상화면켜짐, 화면테마설정, 앱설치, 자이로센서, 가속계센서, 나침반센서, 기압센서, 음악 스트리밍",생활방수(최대50m),,최대18시간,,,배터리일체형,,,,,,,,,,,,,,,,,
69570,스마트워치,블루투스,,"심박측정, 만보계",,,"GPS, 나침반센서, 알람설정",방수(5ATM),,,,,,,,,,,,,,,,,,,,,,,,,,,,,,,
62810,스마트워치,"1.3""",블루투스4.0,"iOS8.0이상, 안드로이드4.4이상",,,"SNS, 알람, 문자, 전화",,,"이동거리측정, 달리기, 사이클링, 심박측정, 칼로리측정, 수면패턴분석, 만보계, 스트레칭알림",,,"날짜,요일표시, 다중언어, 원격촬영, 스톱워치, 알람설정",음악플레이어,생활방수,배터리일체형,230mAh,"실버, 블랙",152g,,,,,,,,,,,,,,,,,,,,
25380,스마트워치,"1.3""",240x240,터치스크린,블루투스4.0,"안드로이드4.4이상, iOS9.0이상","문자, 전화",,,"이동거리측정, 달리기, 사이클링, 칼로리측정, 수면패턴분석, 만보계, 스트레칭알림",,,"날짜,요일표시, 다중언어, 스톱워치, 알람설정, 진동경보",생활방수(IP68),,7일,14일,,배터리일체형,110mAh,,,,,,,,,,,,,,,,,,,
169000,스마트워치,밴드교체형,LCD,터치스크린,블루투스4.0,,"호흡가이드, 일일활동량측정, 심박측정, 칼로리측정, 수면패턴분석, 만보계",,,GPS,방수(최대50m),,,,,,,,,,,,,,,,,,,,,,,,,,,,
61590,스마트워치,"1.3""",IPS,블루투스3.0,,,"문자, 전화",,,"심박측정, 운동정보기록, 수면패턴분석",,,2일,,,280mAh,,,,,,,,,,,,,,,,,,,,,,,
204840,스마트워치,밴드교체형,"1.6""",220x176,블루투스3.0,안드로이드4.0이상,"SNS, RSS, e메일, 일정, 문자, 전화",,,"연락처연동, NFC(원터치페어링), 앱설치(구글플레이), 화면테마설정",음악플레이어,생활방수(IP57),3~4일,,,microUSB,알루미늄,블랙,4.2x4.1cm,48g,,,,,,,,,,,,,,,,,,,
50550,스마트워치,"1.3""",240x240,IPS,블루투스4.0,,"문자, 전화",,,"이동거리측정, 사이클링, 심박측정, 수면패턴분석",,,"GPS, 가속계센서, 알람설정",생활방수(IP67),,168시간,,,180mAh,,,,,,,,,,,,,,,,,,,,
145880,스마트워치,밴드교체형,전화통화,"1.22""",240x204,블루투스4.0,"iOS, 안드로이드",,,MTK6260,128M,32MB내장,300만화소,,,"SNS, 문자, 전화",,,"일일활동량측정, 심박측정, 칼로리측정, 만보계",,,"심박센서, 분실방지, 온도확인",음악플레이어,생활방수,,,,,,,,,,,,,,,
626800,스마트워치,밴드교체형,무선랜(WiFi),324x394,OLED,터치스크린,블루투스5.0,,,듀얼코어,16G내장,,"호흡가이드, 운동동작인식, 이동거리측정, 심박측정, 칼로리측정, 만보계",,,"기온, 넘어짐 감지, 심박센서, 주변광센서, GPS, 자이로센서, 가속계센서, 고도센서, 기압센서",음악플레이어,방수(5ATM),18시간,,,,,,,,,,,,,,,,,,,,
440820,스마트워치,,,"이동거리측정, 칼로리측정, 만보계",,,"날짜,요일표시, 폭풍알람, GPS, 고도센서, 나침반센서, 기압센서, 일출,일몰알림",방수(10ATM),,100시간,,,,,,,,,,,,,,,,,,,,,,,,,,,,,
13850,스마트워치,"0.96""",OLED,블루투스4.0,,,"문자, 전화",,,"혈압측정, 이동거리측정, 심박측정",,,"원격촬영, 알람설정",생활방수(IP67),,28g,,,,,,,,,,,,,,,,,,,,,,,
326050,스마트워치,무선랜(WiFi),"1.39""",400x400,AM-OLED,블루투스4.2,512M,4G내장,,"달리기, 심박측정, 칼로리측정, 만보계",,,"앱설치(구글플레이), 자이로센서, NFC",생활방수(IP68),,"2일(스마트모드),30일(기본모드)",,,배터리일체형,415mAh,,,,,,,,,,,,,,,,,,,
45510,스마트워치,,,"SNS, 문자, 전화",,,"혈압측정, 이동거리측정, 달리기, 사이클링, 심박측정, 칼로리측정, 수면패턴분석, 만보계, 스트레칭알림",,,"날짜,요일표시, 내휴대폰찾기, 스톱워치",생활방수(IP67),,배터리일체형,250mAh,,,,,,,,,,,,,,,,,,,,,,,,,
489990,스마트워치,"1.2""",390x390,AM-OLED,터치스크린,,"문자, 전화",,,"스트레스모니터링, 달리기, 사이클링, 심박측정, 운동정보기록, 수면패턴분석",,,"날짜,요일표시, GPS, 음악재생(저장가능), 내휴대폰찾기, 날씨, 스톱워치, 가속계센서, 온도확인, 기압센서, 알람설정, 일출,일몰알림",방수(5ATM),,최대5일,,,스테인리스스틸,46.3g,,,,,,,,,,,,,,,,,,,
20930,스마트워치,"1.3""",240x240,"문자, 전화",,,"달리기, 사이클링, 수영모니터링, 심박측정, 수면패턴분석",,,"내휴대폰찾기, 원격촬영, 스톱워치, 알람설정",생활방수(IP67),,7일,15일,,180mAh,,,,,,,,,,,,,,,,,,,,,,,
57990,스마트워치,"1.3""",,"문자, 전화",,,"혈압측정, 이동거리측정, 사이클링, 수영모니터링, 심박측정, 수면패턴분석",,,원격촬영,생활방수(IP68),,5-7일,,,200mAh,34.4g,,,,,,,,,,,,,,,,,,,,,,
95350,스마트워치,밴드교체형,144x168,블루투스2.1EDR,"iOS, 안드로이드",,"SNS, 문자, 전화",,,연락처연동,생활방수,,전용거치대,"레드, 블랙, 화이트",150g,,,,,,,,,,,,,,,,,,,,,,,,
397510,스마트워치,밴드교체형,LTE,무선랜(WiFi),블루투스4.2,iOS,16G내장,,,"e메일, 문자, 전화",,,"호흡가이드, 일일활동량측정, 이동거리측정, 수영모니터링, 심박측정, 운동정보기록, 운동코칭, 만보계",,,"심박센서, GPS, 음성명령(Siri), 자이로센서, 가속계센서, 기압센서, 음악 스트리밍",방수(최대50m),,18시간,,,배터리일체형,알루미늄,,,,,,,,,,,,,,,,
112980,스마트워치,"2.2""",320x240,LED,터치스크린,블루투스4.0,안드로이드4.4,,,"1.2GHz, MT6572, 듀얼코어",512M,4G내장,"SNS, 문자, 전화",,,"GPS, 음성명령(구글나우), 음악 스트리밍",,,배터리일체형,900mAh,,,,,,,,,,,,,,,,,,,
659000,스마트워치,밴드교체형,무선랜(WiFi),324x394,OLED,터치스크린,블루투스5.0,,,32G내장,,,"문자, 전화",,,"여성 건강 모니터링, 이동거리측정, 심박측정, 운동정보기록",,,"넘어짐 감지, 주변광센서, GPS, SOS안심서비스, 항상화면켜짐, 화면테마설정, 앱설치, 자이로센서, 가속계센서, 나침반센서, 기압센서, 음악 스트리밍",생활방수(최대50m),,최대18시간,,,배터리일체형,,,,,,,,,,,,,,
137470,스마트워치,전화통화,"1.55""",240x240,,,128M,64MB내장,"microSD,최대32G",내장,,,"SNS, 문자, 전화",,,"수면패턴분석, 만보계",,,음악플레이어,생활방수,,배터리,450mAh,,,,,,,,,,,,,,,,
73620,스마트워치,"1.0""",블루투스5.0,"iOS8.0이상, 안드로이드4.4이상",,,"문자, 전화",,,"혈압측정, 달리기, 사이클링, 심박측정, 수면패턴분석",,,날씨,생활방수,,7일,,,100mAh,,,,,,,,,,,,,,,,,,,,
54940,스마트워치,"1.3""",240x240,OLED,블루투스4.0,,128M,64MB내장,,"문자, 전화",,,"이동거리측정, 달리기, 심박측정, 칼로리측정, 만보계",,,"원격촬영, 분실방지, 화면테마설정",,,배터리일체형,300mAh,"실버, 블랙, 로즈골드",,,,,,,,,,,,,,,,,,
38450,스마트워치,블루투스,"iOS7.0이상, 안드로이드4.3이상","문자, 전화",,,"칼로리측정, 만보계",,,원격촬영,생활방수(최대50m),,,,,,,,,,,,,,,,,,,,,,,,,,,,
652410,스마트워치,밴드교체형,무선랜(WiFi),324x394,OLED,터치스크린,블루투스5.0,,,32G내장,,,"문자, 전화",,,"여성 건강 모니터링, 이동거리측정, 심박측정, 운동정보기록",,,"넘어짐 감지, 주변광센서, GPS, SOS안심서비스, 항상화면켜짐, 화면테마설정, 앱설치, 자이로센서, 가속계센서, 나침반센서, 기압센서, 음악 스트리밍",생활방수(최대50m),,최대18시간,,,배터리일체형,,,,,,,,,,,,,,
27130,스마트워치,밴드일체형,"1.1""",240x240,LCD,블루투스4.0,128M,128MB내장,,"문자, 전화",,,"원격촬영, 고도센서",생활방수(IP67),,300mAh,,,,,,,,,,,,,,,,,,,,,,,
188320,스마트워치,밴드교체형,LCD,블루투스4.0,"iOS, 안드로이드",,"일정, 문자, 전화",,,"호흡가이드, 일일활동량측정, FitStar, 스마트트랙, 심박측정, 수면패턴분석, 만보계",,,심박센서,음악플레이어,생활방수,5일,,,"블랙, 블루, 퍼플",,,,,,,,,,,,,,,,,,,,
726690,스마트워치,밴드교체형,무선랜(WiFi),368x448,OLED,터치스크린,블루투스5.0,,,듀얼코어,16G내장,,"호흡가이드, 운동동작인식, 이동거리측정, 심박측정, 칼로리측정, 만보계",,,"기온, 넘어짐 감지, 심박센서, 주변광센서, GPS, 자이로센서, 가속계센서, 고도센서, 기압센서",음악플레이어,방수(최대50m),18시간,,,,,,,,,,,,,,,,,,,,
40790,스마트워치,"1.3""",240x240,터치스크린,블루투스4.0,"iOS7.0이상, 안드로이드4.0이상","SNS, 문자, 전화",,,"혈압측정, 혈중산소농도, 이동거리측정, 달리기, 사이클링, 수영모니터링, 심박측정, 칼로리측정, 만보계",,,"날짜,요일표시, 다중언어, 원격촬영, 화면테마설정, 알람설정",음악플레이어,생활방수(IP67),배터리일체형,150mAh,,,,,,,,,,,,,,,,,,,,,,
45900,스마트워치,"1.3""",블루투스4.0,"아이폰4s이상, 안드로이드4.4이상",,,"문자, 전화",,,"여성 건강 모니터링, 이동거리측정, 칼로리측정, 운동정보기록, 수면패턴분석, 만보계",,,생활방수(IP67),,,10일,,,배터리일체형,240mAh,42g,,,,,,,,,,,,,,,,,,
40810,스마트워치,"0.95""",OLED,"SNS, 문자, 전화",,,"이동거리측정, 심박측정, 칼로리측정, 수면패턴분석, 만보계",,,심박센서,생활방수,,7일,,,배터리일체형,130mAh,"그린, 레드, 블랙, 옐로우, 그레이",39g,,,,,,,,,,,,,,,,,,,,
137000,스마트워치,밴드교체형,전화통화,"1.54""",240x240,LCD,블루투스4.0,"iOS, 안드로이드",,"SNS, e메일, 문자, 전화",,,"심박측정, 수면패턴분석, 만보계",,,"심박센서, 내휴대폰찾기, 원격촬영, 분실방지, 연락처연동",음악플레이어,생활방수(IP65),8시간,72시간,,배터리일체형,280mAh,"실버, 골드",82g,,,,,,,,,,,,,,
61760,스마트워치,밴드일체형,"0.96""",80x160,LCD,블루투스4.0,"문자, 전화",,,"혈압측정, 혈중산소농도, 심박측정, 수면패턴분석",,,생활방수(IP68),,,15일,20일,,70g,,,,,,,,,,,,,,,,,,,,
283600,스마트워치,,,4G내장,,,심박측정,,,"타이머, GPS, 알람설정",방수(3ATM),,스테인리스스틸,,,,,,,,,,,,,,,,,,,,,,,,,,
87420,블루투스시계,OLED,블루투스2.0,전화,,,"레드, 블랙, 화이트",52g,,,,,,,,,,,,,,,,,,,,,,,,,,,,,,,
35760,스마트워치,블루투스,"iOS7.0이상, 안드로이드4.3이상","문자, 전화",,,"이동거리측정, 칼로리측정, 만보계",,,원격촬영,방수(5ATM),,그린,,,,,,,,,,,,,,,,,,,,,,,,,,
652410,스마트워치,밴드교체형,무선랜(WiFi),324x394,OLED,터치스크린,블루투스5.0,,,32G내장,,,"문자, 전화",,,"여성 건강 모니터링, 이동거리측정, 심박측정, 운동정보기록",,,"넘어짐 감지, 주변광센서, GPS, SOS안심서비스, 항상화면켜짐, 화면테마설정, 앱설치, 자이로센서, 가속계센서, 나침반센서, 기압센서, 음악 스트리밍",생활방수(최대50m),,최대18시간,,,배터리일체형,,,,,,,,,,,,,,
388810,스마트워치,AM-OLED,,심박측정,,,알람설정,음악플레이어,방수(3ATM),알루미늄,,,,,,,,,,,,,,,,,,,,,,,,,,,,,
27885,스마트워치,"1.3""",IPS,"문자, 전화",,,"이동거리측정, 심박측정, 칼로리측정",,,"날짜,요일표시, 내휴대폰찾기, 스톱워치, 알람설정",,,60일,,,260mAh,,,,,,,,,,,,,,,,,,,,,,,
33570,스마트워치,"iOS8.0이상, 안드로이드4.4이상",,"문자, 전화",,,"혈압측정, 이동거리측정, 심박측정, 칼로리측정, 수면패턴분석",,,생활방수(IP68),,,,,,,,,,,,,,,,,,,,,,,,,,,,,
259890,스마트워치,밴드일체형,블루투스4.0,"iOS, 안드로이드4.2.2이상",,,"SNS, e메일, 일정, 전화",,,내휴대폰찾기,음악플레이어,생활방수,"그린, 블랙, 화이트",5.3x5.0cm,65g,,,,,,,,,,,,,,,,,,,,,,,,
19170,스마트워치,"0.42""",,"문자, 전화",,,"혈압측정, 심박측정, 수면패턴분석",,,심박센서,,,,,,,,,,,,,,,,,,,,,,,,,,,,,
139920,스마트워치,"1.0""",IPS,문자,,,"혈압측정, 이동거리측정, 심박측정, 수면패턴분석",,,생활방수(IP68),,,최대6일,15-30일,,140mAh,30g,,,,,,,,,,,,,,,,,,,,,,
32260,스마트워치,"0.96""",96x64,LCD,"iOS8.0이상, 안드로이드4.3이상",,"문자, 전화",,,"혈압측정, 이동거리측정, 달리기, 수영모니터링, 심박측정, 수면패턴분석",,,"날짜,요일표시, 원격촬영, 알람설정",,,25일,,,80mAh,,,,,,,,,,,,,,,,,,,,
143130,스마트워치,밴드교체형,"1.22""",240x240,터치스크린,블루투스4.2,"안드로이드5.0, iOS8.0이상",,,"SNS, 문자, 전화",,,"이동거리측정, 심박측정, 칼로리측정, 운동정보기록, 수면패턴분석, 만보계",,,"원격촬영, 분실방지, 날씨, 알람설정, 진동경보, 음악 스트리밍",방수(5ATM),,3일,30일,,배터리일체형,200mAh,,,,,,,,,,,,,,,,
496400,스마트워치,"1.23""",215x180,블루투스,"아이폰4s이상, 안드로이드4.3이상",,"SNS, e메일, 문자, 전화",,,"일일활동량측정, 이동거리측정, 달리기, 사이클링, 수영모니터링, 트랙킹, 심박측정, 칼로리측정, 수면패턴분석, 만보계, 스키",,,"심박센서, GPS, 내휴대폰찾기, 가속계센서",음악플레이어,방수(5ATM),40.2g,,,,,,,,,,,,,,,,,,,,,,,
1002000,스마트워치,밴드교체형,무선랜(WiFi),"1.2""",218x218,블루투스4.0LE,"iOS, 안드로이드",,,32MB내장,,,"e메일, 문자, 전화",,,"일일활동량측정, 달리기, 사이클링, 수영모니터링, 트랙킹, 심박측정, 수면패턴분석",,,"심박센서, GPS, 음성명령, 고도센서, 나침반센서, 기압센서, 알람설정, 진동경보",방수(10ATM),,배터리일체형,300mAh,86.1g,,,,,,,,,,,,,,,
103170,스마트밴드,"0.96""",80x160,"문자, 전화",,,"혈압측정, 이동거리측정, 심박측정, 수면패턴분석",,,원격촬영,생활방수,,3일,,,90mAh,,,,,,,,,,,,,,,,,,,,,,,
179000,스마트워치,밴드교체형,2G(국내USIM사용X),전화통화,"1.22""",240x206,IPS,블루투스4.0,"iOS, 안드로이드",64M,128MB내장,,"SNS, 문자, 전화",,,"심박측정, 수면패턴분석, 만보계",,,"심박센서, 내휴대폰찾기, 원격촬영, 음성명령",음악플레이어,생활방수(IP53),4시간,150시간,,배터리일체형,320mAh,"실버, 블랙, 골드",,,,,,,,,,,,
393300,스마트워치,블루투스,,"이동거리측정, 심박측정, 칼로리측정",,,"심박센서, GPS, 고도센서, 나침반센서, 기압센서",방수(10ATM),,,,,,,,,,,,,,,,,,,,,,,,,,,,,,,
505920,스마트워치,밴드교체형,LTE,무선랜(WiFi),368x448,OLED,터치스크린,블루투스5.0,,듀얼코어,16G내장,,"호흡가이드, 운동동작인식, 이동거리측정, 심박측정, 칼로리측정, 만보계",,,"기온, 넘어짐 감지, 심박센서, 주변광센서, GPS, 자이로센서, 가속계센서, 고도센서, 기압센서",음악플레이어,방수(최대50m),18시간,,,,,,,,,,,,,,,,,,,,
35600,스마트워치,"0.96""",80x160,IPS,블루투스4.2,,"문자, 전화",,,"달리기, 사이클링",,,알람설정,생활방수(IP67),,최대7일,,,75mAh,,,,,,,,,,,,,,,,,,,,
81300,스마트밴드,"0.96""",OLED,블루투스4.0,,,"문자, 전화",,,"문자, 전화",,,"이동거리측정, 수영모니터링, 심박측정, 수면패턴분석",,,생활방수(IP67),,,30일,,,90mAh,TPU,,,,,,,,,,,,,,,,
439000,스마트워치,밴드교체형,LTE,무선랜(WiFi),전화통화,블루투스,iOS,,,듀얼코어,8G내장,,"일정, 문자, 전화",,,"스트레스모니터링, 일일활동량측정, 이동거리측정, 달리기, 심박측정, 칼로리측정, 운동정보기록, 운동코칭",,,"심박센서, GPS, SOS안심서비스, 고도센서, 기압센서",방수(최대50m),,18시간,,,배터리일체형,,,,,,,,,,,,,,
23490,스마트워치,수면패턴분석,"GPS, SOS안심서비스",,,,,,,,,,,,,,,,,,,,,,,,,,,,,,,,,,,,
1760600,스마트워치,밴드교체형,LTE,무선랜(WiFi),368x448,OLED,터치스크린,블루투스5.0,,듀얼코어,16G내장,,"호흡가이드, 운동동작인식, 이동거리측정, 심박측정, 칼로리측정, 만보계",,,"기온, 넘어짐 감지, 심박센서, 주변광센서, GPS, 자이로센서, 가속계센서, 고도센서, 기압센서",음악플레이어,방수(최대50m),18시간,,,,,,,,,,,,,,,,,,,,
80980,스마트워치,"1.54""",,"달리기, 사이클링, 심박측정, 수면패턴분석",,,GPS,,,480mAh,,,,,,,,,,,,,,,,,,,,,,,,,,,,,
1990000,스마트워치,밴드교체형,무선랜(WiFi),324x394,OLED,터치스크린,블루투스5.0,,,32G내장,,,"문자, 전화",,,"여성 건강 모니터링, 이동거리측정, 심박측정, 운동정보기록",,,"넘어짐 감지, 주변광센서, GPS, SOS안심서비스, 항상화면켜짐, 화면테마설정, 앱설치, 자이로센서, 가속계센서, 나침반센서, 기압센서, 음악 스트리밍",생활방수(최대50m),,최대18시간,,,배터리일체형,,,,,,,,,,,,,,
43650,스마트워치,240x240,블루투스4.0,"문자, 전화",,,"혈압측정, 이동거리측정, 달리기, 사이클링, 심박측정",,,,,,,,,,,,,,,,,,,,,,,,,,,,,,,,
532010,스마트워치,LTE,"1.39""",454x454,AM-OLED,블루투스4.0,MTK6739,16G내장,,"문자, 전화",,,"이동거리측정, 심박측정, 칼로리측정",,,"날짜,요일표시, GPS, 알람설정",,,4일,,,545mAh,,,,,,,,,,,,,,,,,
849000,스마트워치,밴드교체형,무선랜(WiFi),324x394,OLED,터치스크린,블루투스5.0,,,32G내장,,,"문자, 전화",,,"여성 건강 모니터링, 이동거리측정, 심박측정, 운동정보기록",,,"넘어짐 감지, 주변광센서, GPS, SOS안심서비스, 항상화면켜짐, 화면테마설정, 앱설치, 자이로센서, 가속계센서, 나침반센서, 기압센서, 음악 스트리밍",생활방수(최대50m),,최대18시간,,,배터리일체형,,,,,,,,,,,,,,
53970,스마트워치,"1.3""",240x240,"문자, 전화",,,심박측정,,,알람설정,생활방수(IP68),,최대30일,,,400mAh,,,,,,,,,,,,,,,,,,,,,,,
75840,스마트워치,"0.96""",80x160,"혈압측정, 심박측정, 칼로리측정, 수면패턴분석",,,"원격촬영, 알람설정",생활방수(IP67),,90mAh,,,,,,,,,,,,,,,,,,,,,,,,,,,,,
27000,스마트워치,"1.3""",240x240,IPS,,,"문자, 전화",,,"이동거리측정, 심박측정, 칼로리측정, 수면패턴분석",,,생활방수(IP67),,,최대7일,,,200mAh,27g,,,,,,,,,,,,,,,,,,,
27870,스마트워치,"0.96""",80x160,IPS,블루투스4.0,"안드로이드4.4이상, iOS9.0이상","문자, 전화",,,"수면패턴분석, 만보계",,,"원격촬영, 날씨",생활방수(IP67),,90mAh,TPU,,,,,,,,,,,,,,,,,,,,,,
35490,스마트워치,"1.1""",,"문자, 전화",,,"원격촬영, 알람설정",방수(5ATM),,540일,,,300mAh,82g,,,,,,,,,,,,,,,,,,,,,,,,,
16310,스마트워치,"1.3""",블루투스4.0,"안드로이드4.2이상, iOS8.0이상",,,"달리기, 사이클링, 수영모니터링",,,생활방수(IP67),,,,,,,,,,,,,,,,,,,,,,,,,,,,,
588040,스마트워치,밴드교체형,LTE,무선랜(WiFi),368x448,OLED,터치스크린,블루투스5.0,,듀얼코어,16G내장,,"호흡가이드, 운동동작인식, 이동거리측정, 달리기, 사이클링, 수영모니터링, 트랙킹, 심박측정, 칼로리측정, 만보계",,,"기온, 넘어짐 감지, 심박센서, 주변광센서, GPS, 날씨, 자이로센서, 가속계센서, 고도센서, 기압센서",음악플레이어,방수(최대50m),18시간,,,,,,,,,,,,,,,,,,,,
47180,스마트워치,블루투스4.0,,"문자, 전화",,,"혈압측정, 심박측정, 칼로리측정, 수면패턴분석",,,"원격촬영, 알람설정",생활방수(IP67),,110mAh,,,,,,,,,,,,,,,,,,,,,,,,,,
478000,스마트워치,"1.1""",터치스크린,"심박센서, GPS, 내휴대폰찾기, 스톱워치, 알람설정, 일출,일몰알림",방수(5ATM),,5일,,,스테인리스스틸,40g,,,,,,,,,,,,,,,,,,,,,,,,,,,,
28360,스마트밴드,"0.96""",80x160,"문자, 전화",,,"달리기, 사이클링, 수영모니터링, 심박측정",,,"GPS, 원격촬영",생활방수(IP67),,14.3g,,,,,,,,,,,,,,,,,,,,,,,,,,
183590,스마트워치,터치스크린,블루투스4.1,"알람, 문자, 전화",,,"일일활동량측정, 수면패턴분석",,,"날짜,요일표시, GPS, 무선충전, 알람설정",음악플레이어,생활방수,6개월,,,스테인리스스틸,,,,,,,,,,,,,,,,,,,,,,,
30840,스마트워치,"1.3""",240x240,"문자, 전화",,,"심박측정, 운동정보기록, 수면패턴분석",,,알람설정,생활방수,,24시간,,,300mAh,,,,,,,,,,,,,,,,,,,,,,,
48000,스마트워치,"1.3""",240x240,블루투스4.0,,,"문자, 전화",,,"이동거리측정, 달리기, 칼로리측정, 수면패턴분석",,,"날짜,요일표시, 원격촬영, 스톱워치","생활방수(IP67), 방수(5ATM)",,24개월,,,610mAh,58g,,,,,,,,,,,,,,,,,,,
43390,스마트워치,"1.3""",240x240,블루투스4.0LE,,,"달리기, 사이클링, 수영모니터링, 심박측정, 수면패턴분석",,,15일,,,,,,,,,,,,,,,,,,,,,,,,,,,,,
41890,스마트워치,"1.22""",,"문자, 전화",,,"이동거리측정, 칼로리측정, 수면패턴분석",,,가속계센서,생활방수(IP67),,24시간,,,,,,,,,,,,,,,,,,,,,,,,,,
363530,스마트워치,블루투스4.1,,"문자, 전화",,,"칼로리측정, 수면패턴분석, 만보계",,,알람설정,음악플레이어,방수(3ATM),,,,,,,,,,,,,,,,,,,,,,,,,,,
325850,스마트워치,블루투스4.1,,"칼로리측정, 수면패턴분석, 만보계",,,알람설정,음악플레이어,방수(3ATM),,,,,,,,,,,,,,,,,,,,,,,,,,,,,,
17550,스마트워치,블루투스,,"문자, 전화",,,"이동거리측정, 달리기, 칼로리측정, 운동정보기록, 수면패턴분석, 만보계",,,스톱워치,생활방수(IP67),,,,,,,,,,,,,,,,,,,,,,,,,,,,
78080,스마트워치,"1.0""",128x128,LCD,블루투스4.0,,SNS,,,"이동거리측정, 달리기, 사이클링, 심박측정, 칼로리측정, 운동정보기록, 만보계",,,"GPS, 나침반센서",생활방수(IP67),,배터리일체형,460mAh,,,,,,,,,,,,,,,,,,,,,,
125100,스마트워치,밴드교체형,"1.0""",240x240,터치스크린,블루투스4.2,"안드로이드5.0, iOS8.0이상",,,"SNS, 문자, 전화",,,"이동거리측정, 심박측정, 칼로리측정, 운동정보기록, 수면패턴분석, 만보계",,,"원격촬영, 분실방지, 날씨, 알람설정, 진동경보, 음악 스트리밍",방수(5ATM),,3일,30일,,배터리일체형,180mAh,,,,,,,,,,,,,,,,
139000,스마트워치,밴드교체형,"1.0""",240x240,터치스크린,블루투스4.2,"안드로이드5.0, iOS8.0이상",,,"SNS, 문자, 전화",,,"이동거리측정, 심박측정, 칼로리측정, 운동정보기록, 수면패턴분석, 만보계",,,"원격촬영, 분실방지, 날씨, 알람설정, 진동경보, 음악 스트리밍",방수(5ATM),,3일,30일,,,,,,,,,,,,,,,,,,,
75599,스마트워치,"1.2""",LCD,블루투스4.2,"iOS8.0이상, 안드로이드4.3이상",,"SNS, 문자, 전화",,,"이동거리측정, 달리기, 사이클링, 심박측정, 칼로리측정, 수면패턴분석, 만보계",,,"날짜,요일표시, 다중언어, GPS, SOS안심서비스, 날씨, 배터리확인, 나침반센서",방수(최대100m),,"4~9일(일반),10.5~14.5시간(GPS모드)",20일,,배터리일체형,450mAh,,,,,,,,,,,,,,,,,,,
180760,스마트워치,3G,전화통화,"1.4""",400x400,OLED,터치스크린,블루투스4.1,"iOS, 안드로이드","iOS8.0이상, 안드로이드4.3이상",,,512M,4G내장,,"알람, 문자, 전화",,,"심박측정, 운동정보기록",,,"GPS, 음성명령(구글나우), 자이로센서, 가속계센서, 나침반센서, 알람설정",생활방수(IP67),,48시간,,,배터리일체형,300mAh,실리콘,41.5g,,,,,,,,
896400,스마트워치,밴드교체형,LTE,무선랜(WiFi),324x394,OLED,터치스크린,블루투스5.0,,듀얼코어,16G내장,,"호흡가이드, 운동동작인식, 이동거리측정, 심박측정, 칼로리측정, 만보계",,,"기온, 넘어짐 감지, 심박센서, 주변광센서, GPS, 자이로센서, 가속계센서, 고도센서, 기압센서",음악플레이어,방수(5ATM),18시간,,,,,,,,,,,,,,,,,,,,
305900,스마트워치,블루투스4.1,,"칼로리측정, 수면패턴분석, 만보계",,,알람설정,음악플레이어,방수(3ATM),,,,,,,,,,,,,,,,,,,,,,,,,,,,,,
179100,스마트워치,블루투스,,"문자, 전화",,,"사진앨범, 진동경보",방수(5ATM),,,,,,,,,,,,,,,,,,,,,,,,,,,,,,,
32260,스마트워치,LCD,터치스크린,블루투스4.0,"iOS8.0이상, 안드로이드4.4이상",,"SNS, 문자, 전화",,,"혈압측정, 혈중산소농도, 이동거리측정, 달리기, 심박측정, 칼로리측정, 수면패턴분석, 만보계",,,"날짜,요일표시, 원격촬영, 분실방지, 화면테마설정",생활방수(IP67),,,,,,,,,,,,,,,,,,,,,,,,,
32260,스마트워치,밴드교체형,"1.3""",240x240,IPS,터치스크린,블루투스4.0,,,"SNS, 문자, 전화",,,"혈중산소농도, 이동거리측정, 달리기, 사이클링, 트랙킹, 심박측정, 칼로리측정, 수면패턴분석, 만보계",,,원격촬영,생활방수(IP68),,배터리일체형,,,,,,,,,,,,,,,,,,,,
759100,스마트워치,밴드교체형,LTE,무선랜(WiFi),324x394,OLED,터치스크린,블루투스5.0,,듀얼코어,16G내장,,"호흡가이드, 운동동작인식, 이동거리측정, 심박측정, 칼로리측정, 만보계",,,"기온, 넘어짐 감지, 심박센서, 주변광센서, GPS, 자이로센서, 가속계센서, 고도센서, 기압센서",음악플레이어,방수(5ATM),18시간,,,,,,,,,,,,,,,,,,,,
430300,스마트워치,무선랜(WiFi),,"칼로리측정, 수면패턴분석, 만보계",,,알람설정,방수(3ATM),,,,,,,,,,,,,,,,,,,,,,,,,,,,,,,
331150,스마트워치,블루투스4.1,,"칼로리측정, 수면패턴분석, 만보계",,,알람설정,방수(3ATM),,,,,,,,,,,,,,,,,,,,,,,,,,,,,,,
304000,스마트워치,블루투스4.1,,"SNS, 문자, 전화",,,"칼로리측정, 수면패턴분석, 만보계",,,알람설정,음악플레이어,방수(3ATM),,,,,,,,,,,,,,,,,,,,,,,,,,,
393800,스마트워치,,,"이동거리측정, 심박측정, 칼로리측정, 만보계",,,심박센서,,,,,,,,,,,,,,,,,,,,,,,,,,,,,,,,
353390,스마트워치,,,"SNS, 문자, 전화",,,"칼로리측정, 수면패턴분석, 만보계",,,알람설정,음악플레이어,방수(3ATM),,,,,,,,,,,,,,,,,,,,,,,,,,,
373220,스마트워치,블루투스4.1,,"칼로리측정, 수면패턴분석, 만보계",,,알람설정,음악플레이어,방수(3ATM),,,,,,,,,,,,,,,,,,,,,,,,,,,,,,
93010,스마트워치,밴드일체형,360x360,블루투스4.0,안드로이드5.1,안드로이드2.3이상,"1.3GHz, MTK6580, 쿼드코어",512M,8G내장,문자,,,"날짜,요일표시, GPS, 음악재생(저장가능), 날씨, 계산기, 알람설정",,,microUSB,,,,,,,,,,,,,,,,,,,,,,,
76320,스마트워치,128x128,"iOS8.0이상, 안드로이드4.3이상","SNS, 알람, 문자, 전화",,,"혈압측정, 이동거리측정, 달리기, 사이클링, 심박측정, 칼로리측정, 운동정보기록, 만보계",,,"날짜,요일표시, GPS, 온도확인, 기압센서, 알람설정",생활방수,,7,,,57g,,,,,,,,,,,,,,,,,,,,,,,
435370,스마트워치,블루투스4.1,,"칼로리측정, 수면패턴분석, 만보계",,,알람설정,음악플레이어,방수(3ATM),,,,,,,,,,,,,,,,,,,,,,,,,,,,,,
41990,스마트워치,"0.95""",OLED,터치스크린,블루투스4.0,"iOS8.0이상, 안드로이드4.4이상","SNS, 알람, 문자, 전화",,,"혈중산소농도, 이동거리측정, 달리기, 심박측정, 칼로리측정, 수면패턴분석, 만보계, 스트레칭알림",,,"다중언어, 알람설정",생활방수(IP68),,7일,15일,,105mAh,,,,,,,,,,,,,,,,,,,,
191730,스마트워치,블루투스4.1,,"칼로리측정, 수면패턴분석, 만보계",,,알람설정,음악플레이어,방수(3ATM),,,,,,,,,,,,,,,,,,,,,,,,,,,,,,
32180,스마트워치,"1.3""",240x240,IPS,블루투스4.0,,"SNS, 문자, 전화",,,"혈중산소농도, 칼로리측정, 수면패턴분석, 만보계",,,생활방수(IP67),,,,,,,,,,,,,,,,,,,,,,,,,,
28900,스마트워치,"0.96""",OLED,터치스크린,,,"SNS, 문자, 전화",,,"이동거리측정, 칼로리측정, 수면패턴분석, 만보계",,,스톱워치,,,,,,,,,,,,,,,,,,,,,,,,,,
330290,스마트워치,블루투스4.1,,"SNS, 문자, 전화",,,"칼로리측정, 수면패턴분석, 만보계",,,알람설정,음악플레이어,방수(3ATM),,,,,,,,,,,,,,,,,,,,,,,,,,,
1255900,스마트워치,밴드교체형,LTE,무선랜(WiFi),324x394,OLED,터치스크린,블루투스5.0,,듀얼코어,16G내장,,"호흡가이드, 운동동작인식, 이동거리측정, 심박측정, 칼로리측정, 만보계",,,"기온, 넘어짐 감지, 심박센서, 주변광센서, GPS, 자이로센서, 가속계센서, 고도센서, 기압센서",음악플레이어,방수(5ATM),18시간,,,,,,,,,,,,,,,,,,,,
259710,스마트워치,터치스크린,,"일일활동량측정, 이동거리측정, 수영모니터링, 심박측정, 칼로리측정, 만보계",,,"날짜,요일표시, 다중언어, 듀얼타임, 심박센서, GPS, 스톱워치, 배터리확인, 고도센서, 나침반센서, 알람설정, 속도계",방수(10ATM),,12시간,,,,,,,,,,,,,,,,,,,,,,,,,,,,,
289990,스마트워치,320x290,터치스크린,블루투스4.1,,,"문자, 전화",,,"칼로리측정, 만보계",,,음악플레이어,,,,,,,,,,,,,,,,,,,,,,,,,,
28500,스마트워치,"0.96""",블루투스4.0,"혈압측정, 혈중산소농도, 이동거리측정, 칼로리측정, 수면패턴분석, 만보계",,,생활방수(IP67),,,,,,,,,,,,,,,,,,,,,,,,,,,,,,,,
35480,스마트워치,블루투스,,"일일활동량측정, 칼로리측정, 만보계",,,방수(5ATM),,,,,,,,,,,,,,,,,,,,,,,,,,,,,,,,
289000,스마트워치,밴드교체형,"1.5""",320x290,터치스크린,블루투스4.0,안드로이드웨어,안드로이드4.3이상,조도센서있음,1.2GHz,512M,4G내장,"SNS, 일정, 문자, 전화",,,심박측정,,,"심박센서, 음성명령(오케이구글), 앱설치(구글플레이), 화면테마설정",생활방수(IP67),,전용거치대,배터리일체형,320mAh,"그레이, 블랙",4.7x3.8cm,49g,,,,,,,,,,,,
608990,스마트워치,터치스크린,블루투스,"일일활동량측정, 이동거리측정, 심박측정, 칼로리측정, 만보계",,,"날짜,요일표시, 다중언어, 듀얼타임, 심박센서, GPS, 스톱워치, 고도센서, 나침반센서, 기압센서, 알람설정, 속도계",방수(10ATM),,26시간,,,,,,,,,,,,,,,,,,,,,,,,,,,,,
265990,스마트워치,,,"이동거리측정, 심박측정, 만보계",,,"날짜,요일표시, 다중언어, 듀얼타임, 심박센서, GPS, 스톱워치, 배터리확인, 고도센서, 나침반센서, 알람설정",방수(5ATM),,,,,,,,,,,,,,,,,,,,,,,,,,,,,,,
157170,스마트워치,전화통화,"1.22""",IPS,블루투스,"iOS, 안드로이드","SNS, 문자, 전화",,,"일일활동량측정, 심박측정, 수면패턴분석, 만보계",,,"심박센서, 분실방지",음악플레이어,생활방수,,,,,,,,,,,,,,,,,,,,,,,,
89100,스마트워치,밴드교체형,블루투스,"이동거리측정, 칼로리측정, 수면패턴분석",,,"고도센서, 알람설정",방수(최대100m),,,,,,,,,,,,,,,,,,,,,,,,,,,,,,,
172180,스마트워치,밴드교체형,블루투스,"이동거리측정, 칼로리측정, 수면패턴분석",,,"고도센서, 알람설정",방수(최대100m),,,,,,,,,,,,,,,,,,,,,,,,,,,,,,,
105570,스마트워치,터치스크린,,"혈중산소농도, 이동거리측정, 심박측정, 칼로리측정, 수면패턴분석, 만보계",,,심박센서,생활방수(IP67),,,,,,,,,,,,,,,,,,,,,,,,,,,,,,,
26090,스마트워치,"0.87""",OLED,터치스크린,블루투스4.0,,"문자, 전화",,,"이동거리측정, 칼로리측정, 수면패턴분석, 만보계",,,"내휴대폰찾기, 스톱워치",생활방수,,,,,,,,,,,,,,,,,,,,,,,,,
220880,스마트워치,밴드교체형,240x240,터치스크린,블루투스4.0,"iOS6.0이상, 안드로이드4.3이상",128M,,,"SNS, 문자, 전화",,,앱설치,,,microUSB,,,,,,,,,,,,,,,,,,,,,,,
281500,스마트워치,밴드일체형,블루투스,스톱워치,음악플레이어,생활방수,"블랙+실버,블랙+골드,블루+실버,레드+실버",5.5x5.2cm,66g,,,,,,,,,,,,,,,,,,,,,,,,,,,,,,
340900,스마트워치,밴드교체형,무선랜(WiFi),전화통화,272x340,OLED,블루투스4.0,iOS,,듀얼코어,"내장스피커,마이크",,"SNS, e메일, 일정, 문자, 전화, 어플리케이션",,,"심박측정, 칼로리측정, 운동정보기록, 만보계",,,"심박센서, GPS, 음악재생(저장가능), 내휴대폰찾기, 원격촬영, 사진앨범, 날씨, 스톱워치, 음성명령(Siri)","생활방수, 방수(최대50m)",,약 18시간,,,배터리일체형,,,,,,,,,,,,,,
47750,스마트워치,"0.96""",OLED,"이동거리측정, 심박측정, 칼로리측정, 만보계",,,"심박센서, GPS",방수(최대50m),,,,,,,,,,,,,,,,,,,,,,,,,,,,,,,
305180,스마트워치,"1.39""",400x400,슈퍼AM-OLED,블루투스4.0,,"SNS, 문자, 전화",,,"심박측정, 칼로리측정, 만보계",,,심박센서,,,,,,,,,,,,,,,,,,,,,,,,,,
808800,스마트워치,밴드교체형,LTE,무선랜(WiFi),368x448,OLED,터치스크린,블루투스5.0,,듀얼코어,16G내장,,"호흡가이드, 운동동작인식, 이동거리측정, 심박측정, 칼로리측정, 만보계",,,"기온, 넘어짐 감지, 심박센서, 주변광센서, GPS, 자이로센서, 가속계센서, 고도센서, 기압센서",음악플레이어,방수(최대50m),18시간,,,,,,,,,,,,,,,,,,,,
108430,스마트워치,전화통화,"1.54""",240x240,블루투스4.0,안드로이드,"SNS, 문자, 전화",,,"수면패턴분석, 만보계",,,"원격촬영, 연락처연동, 스톱워치",,,180시간,,,배터리,250mAh,"실버, 블랙, 화이트",,,,,,,,,,,,,,,,,,
139940,스마트워치,"1.54""",240x240,블루투스,안드로이드,,"MT6572, 듀얼코어",512M,4G내장,500만화소,,,"SNS, 문자, 전화",,,"일일활동량측정, 이동거리측정, 수면패턴분석, 만보계",,,분실방지,생활방수,,약 3일,,,배터리,600mAh,,,,,,,,,,,,,
467500,스마트워치,,,"이동거리측정, 심박측정",,,"심박센서, GPS, 고도센서, 기압센서",생활방수,,,,,,,,,,,,,,,,,,,,,,,,,,,,,,,
989000,스마트워치,밴드교체형,무선랜(WiFi),블루투스,,,"심박측정, 운동정보기록",,,"심박센서, GPS, 음악재생(저장가능), 고도센서, 나침반센서, 기압센서",방수(10ATM),,,,,,,,,,,,,,,,,,,,,,,,,,,,
34000,스마트워치,"0.95""",OLED,블루투스4.0,,,"문자, 전화",,,"혈압측정, 혈중산소농도, 이동거리측정, 심박측정, 칼로리측정, 수면패턴분석, 만보계",,,"심박센서, 분실방지, 알람설정",,,,,,,,,,,,,,,,,,,,,,,,,,
35520,스마트워치,"0.86""",OLED,터치스크린,블루투스4.0,,"혈압측정, 혈중산소농도, 수면패턴분석, 만보계",,,생활방수(IP67),,,,,,,,,,,,,,,,,,,,,,,,,,,,,
106130,스마트워치,"1.54""",320x320,터치스크린,블루투스4.0,,만보계,,,GPS,생활방수(IP68),,,,,,,,,,,,,,,,,,,,,,,,,,,,
484290,스마트워치,밴드일체형,블루투스4.0,"iOS, 안드로이드4.2.2이상",,,"SNS, e메일, 일정, 문자, 전화",,,"내휴대폰찾기, 스톱워치",생활방수,,4.9x4.3cm,59g,,,,,,,,,,,,,,,,,,,,,,,,,
175000,스마트워치,밴드교체형,OLED,블루투스4.0,"iOS, 안드로이드",,"SNS, e메일, 일정, 알람, 문자, 전화",,,배터리일체형,"레드, 블랙, 화이트",,microUSB,,,,,,,,,,,,,,,,,,,,,,,,,,
1349100,스마트워치,밴드교체형,무선랜(WiFi),전화통화,272x340,OLED,블루투스4.0,iOS,,듀얼코어,"내장스피커,마이크",,"SNS, e메일, 일정, 문자, 전화, 어플리케이션",,,"심박측정, 칼로리측정, 운동정보기록, 만보계",,,"심박센서, GPS, 음악재생(저장가능), 내휴대폰찾기, 원격촬영, 사진앨범, 날씨, 스톱워치, 음성명령(Siri)","생활방수, 방수(최대50m)",,약 18시간,,,배터리일체형,,,,,,,,,,,,,,
1134000,스마트워치,밴드교체형,무선랜(WiFi),"1.2""",218x218,블루투스4.0LE,32MB내장,,,"SNS, e메일, 문자, 전화",,,"일일활동량측정, 달리기, 수영모니터링, 심박측정, 수면패턴분석, 만보계, 스키, 골프",,,"심박센서, GPS, 항상화면켜짐, 고도센서, 나침반센서, 기압센서",음악플레이어,방수(10ATM),"13시간(GPS),25시간(UltraTrac)",,,배터리일체형,180mAh,94g,가죽재질,,,,,,,,,,,,,,
207600,스마트워치,무선랜(WiFi),블루투스4.1,"수면패턴분석, 만보계",,,알람설정,음악플레이어,방수(5ATM),,,,,,,,,,,,,,,,,,,,,,,,,,,,,,
138010,스마트워치,밴드교체형,3G,AM-OLED,블루투스,"iOS, 안드로이드","심박측정, 수면패턴분석",,,"심박센서, 뉴스",,,,,,,,,,,,,,,,,,,,,,,,,,,,,
137410,스마트워치,밴드교체형,블루투스,"이동거리측정, 칼로리측정, 수면패턴분석",,,"고도센서, 알람설정",방수(최대100m),,,,,,,,,,,,,,,,,,,,,,,,,,,,,,,
153250,스마트워치,밴드교체형,무선랜(WiFi),320x240,블루투스4.0,,"심박측정, 만보계",,,"심박센서, GPS",,,,,,,,,,,,,,,,,,,,,,,,,,,,,
44170,스마트워치,밴드교체형,"0.95""",96x64,OLED,터치스크린,"혈압측정, 이동거리측정, 심박측정, 칼로리측정, 수면패턴분석, 만보계",,,심박센서,,,,,,,,,,,,,,,,,,,,,,,,,,,,,
179500,스마트워치,밴드분리형(클립),"1.3""",128x128,OLED,블루투스3.0,안드로이드2.3이상,,,"SNS, e메일, 일정, 문자, 전화",,,"연락처연동, 앱설치(구글플레이), 화면테마설정",음악플레이어,,4일,14일,,USB클립,"실버, 라임, 블랙, 블루 외 2가지",3.6x3.6cm,26g,,,,,,,,,,,,,,,,,
178880,스마트워치,밴드교체형,블루투스,"iOS7.0이상, 안드로이드4.3이상",,,"SNS, e메일, 일정, 문자, 전화",,,"내휴대폰찾기, 원격촬영",음악플레이어,생활방수,"그린, 오렌지, 퍼플, 화이트 외 2가지",4.4cm,,,,,,,,,,,,,,,,,,,,,,,,,
178760,스마트워치,밴드교체형,블루투스3.0,안드로이드,,,"SNS, 전화",,,"칼로리측정, 운동정보기록",,,배터리일체형,,,,,,,,,,,,,,,,,,,,,,,,,,
478110,스마트워치,밴드교체형,LTE,무선랜(WiFi),iOS,,768M,16G내장,,심박측정,,,"심박센서, GPS, 음성명령(Siri), 자이로센서, 가속계센서, 기압센서",방수(최대50m),,18시간,,,배터리일체형,알루미늄,,,,,,,,,,,,,,,,,,,
299000,스마트워치,밴드교체형,"1.63""",320x320,AM-OLED,터치스크린,블루투스4.0,안드로이드4.3이상,,"1.2GHz, 스냅드레곤400",512M,4G내장,"e메일, 일정, 문자, 전화",,,"심박측정, 칼로리측정, 운동정보기록, 운동코칭",,,"심박센서, 내휴대폰찾기, 원격촬영, 음성명령(오케이구글), 화면테마설정",생활방수(IP55),,1일,,,전용거치대,배터리일체형,369mAh,75g,,,,,,,,,,,
50360,스마트워치,밴드일체형,블루투스4.0,"iOS8.0이상, 안드로이드4.4이상",,,"SNS, 문자, 전화",,,"이동거리측정, 심박측정, 칼로리측정, 수면패턴분석",,,심박센서,,,배터리일체형,90mAh,"실버, 레드, 블랙",,,,,,,,,,,,,,,,,,,,,
45900,스마트워치,"0.96""",OLED,터치스크린,,,"이동거리측정, 심박측정, 수면패턴분석, 만보계",,,"심박센서, GPS",생활방수(최대50m),,,,,,,,,,,,,,,,,,,,,,,,,,,,
938490,스마트워치,밴드교체형,무선랜(WiFi),블루투스,,,"심박측정, 운동정보기록",,,"심박센서, GPS, 음악재생(저장가능), 고도센서, 나침반센서, 기압센서",방수(10ATM),,,,,,,,,,,,,,,,,,,,,,,,,,,,
204680,스마트워치,OLED,블루투스,"iOS, 안드로이드",,,"SNS, e메일, 문자, 전화",,,"일일활동량측정, 칼로리측정, 수면패턴분석, 만보계",,,"스톱워치, 가속계센서",음악플레이어,,"7일(보조메시지화면),시계(12개월)",,,,,,,,,,,,,,,,,,,,,,,
178580,스마트워치,밴드일체형,3G,무선랜(WiFi),"1.39""",400x400,AM-OLED,블루투스4.0,안드로이드5.1이상,"심박측정, 만보계",,,"심박센서, GPS, 음악재생(저장가능)",생활방수,,350mAh,실리콘,,,,,,,,,,,,,,,,,,,,,,
56010,스마트워치,"0.95""",,"이동거리측정, 심박측정, 만보계",,,"심박센서, GPS, 고도센서, 기압센서",,,,,,,,,,,,,,,,,,,,,,,,,,,,,,,,
