0,1,2,3,4,5,6,7,8,9,10,11,12,13,14,15,16,17,18,19,20,21,22,23,24,25,26,27,28,29,30,31,32,33,34,35,36,37
316520,삼성전자갤럭시워치액티브244mm스테인리스,스마트워치,밴드교체형,무선랜(WiFi),"1.4""",360x360,슈퍼AM-OLED,터치스크린,블루투스5.0,타이젠,"안드로이드5.0, iOS9.0이상",768M,4G내장,"SNS, 문자, 전화","스트레스모니터링, 이동거리측정, 달리기, 사이클링, 수영모니터링, 심박측정, 칼로리측정, 운동정보기록, 수면패턴분석, 만보계","다중언어, GPS, 원격촬영, 음성명령, 화면테마설정, 자이로센서, NFC, 무선충전",생활방수(IP68),"평균 60시간,최대 131시간",배터리일체형,330mAh,스테인리스스틸,42g,,,,,,,,,,,,,,,
192750,삼성전자갤럭시워치액티브240mm알루미늄,스마트워치,밴드교체형,무선랜(WiFi),"1.4""",360x360,슈퍼AM-OLED,터치스크린,블루투스5.0,타이젠,"안드로이드5.0, iOS9.0이상",768M,4G내장,"SNS, 문자, 전화","스트레스모니터링, 이동거리측정, 달리기, 사이클링, 수영모니터링, 심박측정, 칼로리측정, 운동정보기록, 수면패턴분석, 만보계","다중언어, GPS, 원격촬영, 음성명령, 화면테마설정, 자이로센서, NFC, 무선충전",생활방수(IP68),"평균 60시간,최대 131시간",배터리일체형,330mAh,스테인리스스틸,26g,,,,,,,,,,,,,,,
235180,애플워치시리즈338mm(실버알루미늄),스마트워치,밴드교체형,무선랜(WiFi),"1.4""",360x360,슈퍼AM-OLED,터치스크린,블루투스5.0,타이젠,"안드로이드5.0, iOS9.0이상",768M,4G내장,"SNS, 문자, 전화","스트레스모니터링, 이동거리측정, 달리기, 사이클링, 수영모니터링, 심박측정, 칼로리측정, 운동정보기록, 수면패턴분석, 만보계","다중언어, GPS, 원격촬영, 음성명령, 화면테마설정, 자이로센서, NFC, 무선충전",방수(최대50m),18시간,배터리일체형,330mAh,스테인리스스틸,42g,전화통화,듀얼코어,,,,,,,,,,,,,
529170,애플워치시리즈544mm(스페이스그레이알루미늄),스마트워치,밴드교체형,무선랜(WiFi),"1.4""",360x360,슈퍼AM-OLED,터치스크린,블루투스5.0,타이젠,"안드로이드5.0, iOS9.0이상",768M,4G내장,"SNS, 문자, 전화","스트레스모니터링, 이동거리측정, 달리기, 사이클링, 수영모니터링, 심박측정, 칼로리측정, 운동정보기록, 수면패턴분석, 만보계","다중언어, GPS, 원격촬영, 음성명령, 화면테마설정, 자이로센서, NFC, 무선충전",생활방수(IP68),최대18시간,배터리일체형,,,,,,,,,,,,,,,,,,
130260,샤오미화미어메이즈핏GTR47mm스테인리스,스마트워치,밴드교체형,무선랜(WiFi),"1.4""",360x360,슈퍼AM-OLED,터치스크린,블루투스5.0,타이젠,"안드로이드5.0, iOS9.0이상",768M,4G내장,"SNS, 문자, 전화","스트레스모니터링, 이동거리측정, 달리기, 사이클링, 수영모니터링, 심박측정, 칼로리측정, 운동정보기록, 수면패턴분석, 만보계","GPS, 내휴대폰찾기, 날씨, 스톱워치, 가속계센서, NFC, 나침반센서, 기압센서",생활방수(IP68),"평균 60시간,최대 131시간",배터리일체형,330mAh,스테인리스스틸,48g,,,,,,,,,,,,,,,
120690,샤오미화미어메이즈핏GTS,스마트워치,밴드교체형,무선랜(WiFi),"1.4""",360x360,슈퍼AM-OLED,터치스크린,블루투스5.0,타이젠,"안드로이드5.0, iOS9.0이상",768M,4G내장,"SNS, 문자, 전화","달리기, 사이클링, 수영모니터링, 트랙킹, 심박측정, 칼로리측정, 수면패턴분석, 만보계, 스키","다중언어, GPS, 원격촬영, 음성명령, 화면테마설정, 자이로센서, NFC, 무선충전",생활방수(IP68),"평균 60시간,최대 131시간",배터리일체형,220mAh,스테인리스스틸,24.8g,,,,,,,,,,,,,,,
234270,삼성전자갤럭시워치액티브244mm알루미늄,스마트워치,밴드교체형,무선랜(WiFi),"1.4""",360x360,슈퍼AM-OLED,터치스크린,블루투스5.0,타이젠,"안드로이드5.0, iOS9.0이상",768M,4G내장,"SNS, 문자, 전화","스트레스모니터링, 이동거리측정, 달리기, 사이클링, 수영모니터링, 심박측정, 칼로리측정, 운동정보기록, 수면패턴분석, 만보계","다중언어, GPS, 원격촬영, 음성명령, 화면테마설정, 자이로센서, NFC, 무선충전",생활방수(IP68),"평균 60시간,최대 131시간",배터리일체형,330mAh,스테인리스스틸,30g,,,,,,,,,,,,,,,
187040,삼성전자갤럭시워치46mm,스마트워치,밴드교체형,무선랜(WiFi),"1.3""",360x360,슈퍼AM-OLED,터치스크린,블루투스4.2,타이젠,"안드로이드5.0, iOS9.0이상",768M,4G내장,"SNS, 문자, 전화","스트레스모니터링, 이동거리측정, 달리기, 사이클링, 수영모니터링, 심박측정, 칼로리측정, 운동정보기록, 수면패턴분석, 만보계","다중언어, GPS, 원격촬영, 음성명령, 화면테마설정, 자이로센서, NFC, 무선충전",생활방수(IP68),"평균 60시간,최대 131시간",배터리일체형,472mAh,스테인리스스틸,63g,,,,실버,,,,,,,,,,,
399290,삼성전자갤럭시워치액티브244mm골프에디션,스마트워치,밴드교체형,무선랜(WiFi),"1.4""",360x360,슈퍼AM-OLED,터치스크린,블루투스5.0,타이젠,"안드로이드5.0, iOS9.0이상",768M,4G내장,"SNS, 문자, 전화","스트레스모니터링, 이동거리측정, 달리기, 사이클링, 수영모니터링, 심박측정, 칼로리측정, 운동정보기록, 수면패턴분석, 만보계","다중언어, GPS, 원격촬영, 음성명령, 화면테마설정, 자이로센서, NFC, 무선충전",생활방수(IP68),"평균 60시간,최대 131시간",배터리일체형,247mAh,스테인리스스틸,42g,,"1.15GHz, 듀얼코어",,,,,,,,,,,,,
25870,샤오미HaylouLS01,스마트워치,밴드교체형,무선랜(WiFi),"1.4""",360x360,슈퍼AM-OLED,터치스크린,블루투스5.0,타이젠,"안드로이드5.0, iOS9.0이상",768M,4G내장,"SNS, 문자, 전화","스트레스모니터링, 이동거리측정, 달리기, 사이클링, 수영모니터링, 심박측정, 칼로리측정, 운동정보기록, 수면패턴분석, 만보계","다중언어, GPS, 원격촬영, 음성명령, 화면테마설정, 자이로센서, NFC, 무선충전",생활방수(IP68),"평균 60시간,최대 131시간",배터리일체형,210mAh,스테인리스스틸,34g,,,,,,,,,,,,,,,
472450,애플워치시리즈540mm(스페이스그레이알루미늄),스마트워치,밴드교체형,무선랜(WiFi),"1.4""",360x360,슈퍼AM-OLED,터치스크린,블루투스5.0,타이젠,"안드로이드5.0, iOS9.0이상",768M,4G내장,"SNS, 문자, 전화","스트레스모니터링, 이동거리측정, 달리기, 사이클링, 수영모니터링, 심박측정, 칼로리측정, 운동정보기록, 수면패턴분석, 만보계","넘어짐 감지, 주변광센서, GPS, SOS안심서비스, 항상화면켜짐, 화면테마설정, 앱설치, 자이로센서, 가속계센서, 나침반센서, 기압센서, 음악 스트리밍",생활방수(최대50m),최대18시간,배터리일체형,,,,,,,,,,,,,,,,,,
126440,샤오미화미어메이즈핏GTR47mm알루미늄,스마트워치,밴드교체형,무선랜(WiFi),"1.4""",360x360,슈퍼AM-OLED,터치스크린,블루투스5.0,타이젠,"안드로이드5.0, iOS9.0이상",768M,4G내장,"SNS, 문자, 전화","스트레스모니터링, 이동거리측정, 달리기, 사이클링, 수영모니터링, 심박측정, 칼로리측정, 운동정보기록, 수면패턴분석, 만보계","GPS, 내휴대폰찾기, 날씨, 스톱워치, 가속계센서, NFC, 나침반센서, 기압센서",생활방수(IP68),"평균 60시간,최대 131시간",배터리일체형,330mAh,스테인리스스틸,36g,,,,,,,,,,,,,,,
169200,삼성전자갤럭시워치액티브,스마트워치,밴드교체형,무선랜(WiFi),"1.1""",360x360,슈퍼AM-OLED,터치스크린,블루투스4.2,타이젠,"안드로이드5.0, iOS9.0이상",768M,4G내장,"SNS, 문자, 전화","스트레스모니터링, 이동거리측정, 달리기, 사이클링, 수영모니터링, 심박측정, 칼로리측정, 운동정보기록, 수면패턴분석, 만보계","다중언어, GPS, 원격촬영, 음성명령, 화면테마설정, 자이로센서, NFC, 무선충전",생활방수(IP68),"평균 60시간,최대 131시간",배터리일체형,230mAh,스테인리스스틸,25g,,,,"실버, 그린, 블랙, 로즈골드",,,,,,,,,,,
236370,삼성전자갤럭시워치액티브240mm스테인리스,스마트워치,밴드교체형,무선랜(WiFi),"1.4""",360x360,슈퍼AM-OLED,터치스크린,블루투스5.0,타이젠,"안드로이드5.0, iOS9.0이상",768M,4G내장,"SNS, 문자, 전화","스트레스모니터링, 이동거리측정, 달리기, 사이클링, 수영모니터링, 심박측정, 칼로리측정, 운동정보기록, 수면패턴분석, 만보계","다중언어, GPS, 원격촬영, 음성명령, 화면테마설정, 자이로센서, NFC, 무선충전",생활방수(IP68),"평균 60시간,최대 131시간",배터리일체형,330mAh,스테인리스스틸,37g,,,,,,,,,,,,,,,
122770,샤오미화미어메이즈핏GTR42mm,스마트워치,밴드교체형,무선랜(WiFi),"1.4""",360x360,슈퍼AM-OLED,터치스크린,블루투스5.0,타이젠,"안드로이드5.0, iOS9.0이상",768M,4G내장,"SNS, 문자, 전화","스트레스모니터링, 이동거리측정, 달리기, 사이클링, 수영모니터링, 심박측정, 칼로리측정, 운동정보기록, 수면패턴분석, 만보계","다중언어, GPS, 원격촬영, 음성명령, 화면테마설정, 자이로센서, NFC, 무선충전",방수(5ATM),"평균 60시간,최대 131시간",배터리일체형,195mAh,,,,,,,,,,,,,,,,,
127890,샤오미화미어메이즈핏T-Rex,스마트워치,밴드교체형,무선랜(WiFi),"1.4""",360x360,슈퍼AM-OLED,터치스크린,블루투스5.0,타이젠,"안드로이드5.0, iOS9.0이상",768M,4G내장,"SNS, 문자, 전화","스트레스모니터링, 이동거리측정, 달리기, 사이클링, 수영모니터링, 심박측정, 칼로리측정, 운동정보기록, 수면패턴분석, 만보계","다중언어, GPS, 원격촬영, 음성명령, 화면테마설정, 자이로센서, NFC, 무선충전",생활방수(IP68),"평균 60시간,최대 131시간",배터리일체형,390mAh,스테인리스스틸,42g,,,,,66일,,,,,,,,,,
472450,애플워치시리즈540mm(실버알루미늄),스마트워치,밴드교체형,무선랜(WiFi),"1.4""",360x360,슈퍼AM-OLED,터치스크린,블루투스5.0,타이젠,"안드로이드5.0, iOS9.0이상",768M,4G내장,"SNS, 문자, 전화","스트레스모니터링, 이동거리측정, 달리기, 사이클링, 수영모니터링, 심박측정, 칼로리측정, 운동정보기록, 수면패턴분석, 만보계","넘어짐 감지, 주변광센서, GPS, SOS안심서비스, 항상화면켜짐, 화면테마설정, 앱설치, 자이로센서, 가속계센서, 나침반센서, 기압센서, 음악 스트리밍",생활방수(최대50m),최대18시간,배터리일체형,,,,,,,,,,,,,,,,,,
350890,순토트래버스알파,스마트워치,밴드교체형,무선랜(WiFi),"1.4""",360x360,슈퍼AM-OLED,터치스크린,블루투스5.0,타이젠,"안드로이드5.0, iOS9.0이상",768M,4G내장,"SNS, 문자, 전화","일일활동량측정, 달리기, 사이클링, 칼로리측정, 만보계","GPS, 스톱워치, 배터리확인, 온도확인, 고도센서, 나침반센서, 기압센서, 알람설정",방수(최대100m),"평균 60시간,최대 131시간",배터리일체형,330mAh,스테인리스스틸,75g,,,,,,,,,,,,,,,
80320,샤오미화미어메이즈핏빕S,스마트워치,밴드교체형,무선랜(WiFi),"1.4""",360x360,슈퍼AM-OLED,터치스크린,블루투스5.0,타이젠,"안드로이드5.0, iOS9.0이상",768M,4G내장,"SNS, 문자, 전화","스트레스모니터링, 이동거리측정, 달리기, 사이클링, 수영모니터링, 심박측정, 칼로리측정, 운동정보기록, 수면패턴분석, 만보계","심박센서, GPS, 날씨",생활방수(IP68),40일,배터리일체형,330mAh,스테인리스스틸,31g,,,,,,음악플레이어,,,,,,,,,
200080,샤오미화미어메이즈핏GTR47mm티타늄,스마트워치,밴드교체형,무선랜(WiFi),"1.4""",360x360,슈퍼AM-OLED,터치스크린,블루투스5.0,타이젠,"안드로이드5.0, iOS9.0이상",768M,4G내장,"SNS, 문자, 전화","스트레스모니터링, 이동거리측정, 달리기, 사이클링, 수영모니터링, 심박측정, 칼로리측정, 운동정보기록, 수면패턴분석, 만보계","GPS, 내휴대폰찾기, 날씨, 스톱워치, 가속계센서, NFC, 나침반센서, 기압센서",생활방수(IP68),"평균 60시간,최대 131시간",배터리일체형,330mAh,스테인리스스틸,40g,,,,,,,,,,,,,,,
139310,삼성전자기어S3프론티어,스마트워치,밴드교체형,무선랜(WiFi),"1.3""",360x360,슈퍼AM-OLED,터치스크린,블루투스5.0,타이젠,"안드로이드5.0, iOS9.0이상",768M,4G내장,"SNS, 문자, 전화","스트레스모니터링, 이동거리측정, 달리기, 사이클링, 수영모니터링, 심박측정, 칼로리측정, 운동정보기록, 수면패턴분석, 만보계","다중언어, GPS, 원격촬영, 음성명령, 화면테마설정, 자이로센서, NFC, 무선충전",생활방수(IP68),"평균 60시간,최대 131시간",배터리일체형,330mAh,스테인리스스틸,42g,,"1GHz, 듀얼코어",,,,,실리콘밴드(22mm 표준밴드호환),,,,,,,,
126449,KOSPETPrime,스마트워치,밴드교체형,무선랜(WiFi),"1.6""",360x360,슈퍼AM-OLED,터치스크린,블루투스5.0,타이젠,"안드로이드5.0, iOS9.0이상",768M,4G내장,"SNS, 문자, 전화","스트레스모니터링, 이동거리측정, 달리기, 사이클링, 수영모니터링, 심박측정, 칼로리측정, 운동정보기록, 수면패턴분석, 만보계","다중언어, GPS, 원격촬영, 음성명령, 화면테마설정, 자이로센서, NFC, 무선충전",생활방수(IP68),"평균 60시간,최대 131시간",배터리일체형,330mAh,스테인리스스틸,42g,,,,,,,,LTE,800만화소,,,,,,
185070,가민포러너45,스마트워치,밴드교체형,무선랜(WiFi),"1.4""",360x360,슈퍼AM-OLED,터치스크린,블루투스5.0,타이젠,"안드로이드5.0, iOS9.0이상",768M,4G내장,"SNS, 문자, 전화","스트레스모니터링, 이동거리측정, 달리기, 사이클링, 수영모니터링, 심박측정, 칼로리측정, 운동정보기록, 수면패턴분석, 만보계","다중언어, GPS, 원격촬영, 음성명령, 화면테마설정, 자이로센서, NFC, 무선충전",생활방수(IP68),최대7일,배터리일체형,330mAh,스테인리스스틸,42g,,,,,,,,,,36g,,,,,
49040,엑스핏XfitGTS,스마트워치,밴드교체형,무선랜(WiFi),"1.4""",360x360,슈퍼AM-OLED,터치스크린,블루투스5.0,타이젠,"안드로이드5.0, iOS9.0이상",768M,4G내장,"SNS, 문자, 전화","스트레스모니터링, 이동거리측정, 달리기, 사이클링, 수영모니터링, 심박측정, 칼로리측정, 운동정보기록, 수면패턴분석, 만보계","다중언어, GPS, 원격촬영, 음성명령, 화면테마설정, 자이로센서, NFC, 무선충전",생활방수(IP68),"평균 60시간,최대 131시간",배터리일체형,330mAh,스테인리스스틸,24.9g,,,,"실버+화이트, 블랙, 골드+핑크",,,,,,,,,,,
47220,샤오미화미어메이즈핏빕라이트,스마트워치,밴드교체형,무선랜(WiFi),"1.4""",360x360,슈퍼AM-OLED,터치스크린,블루투스5.0,타이젠,"안드로이드5.0, iOS9.0이상",768M,4G내장,"SNS, 문자, 전화","이동거리측정, 달리기, 심박측정, 운동정보기록, 수면패턴분석, 만보계, 스트레칭알림","다중언어, GPS, 원격촬영, 음성명령, 화면테마설정, 자이로센서, NFC, 무선충전",방수(3ATM),"평균 60시간,최대 131시간",배터리일체형,200mAh,,,,,,,,,,,,,,,,,
288900,애플워치시리즈3Nike+42mm(스페이스그레이),스마트워치,밴드교체형,무선랜(WiFi),"1.4""",360x360,슈퍼AM-OLED,터치스크린,블루투스5.0,타이젠,"안드로이드5.0, iOS9.0이상",768M,4G내장,"SNS, 문자, 전화","호흡가이드, 일일활동량측정, 이동거리측정, 수영모니터링, 심박측정, 운동정보기록, 운동코칭, 만보계","심박센서, GPS, 음성명령(Siri), 자이로센서, 가속계센서, 기압센서, 음악 스트리밍",생활방수(IP68),"평균 60시간,최대 131시간",배터리일체형,330mAh,알루미늄,,,,,,,,,,,,,,,,
188420,화웨이워치GT246mm엘리트,스마트워치,밴드교체형,무선랜(WiFi),"1.4""",360x360,슈퍼AM-OLED,터치스크린,블루투스5.0,타이젠,"안드로이드5.0, iOS9.0이상",768M,4G내장,"SNS, 문자, 전화","스트레스모니터링, 이동거리측정, 달리기, 사이클링, 수영모니터링, 심박측정, 칼로리측정, 운동정보기록, 수면패턴분석, 만보계","다중언어, GPS, 원격촬영, 음성명령, 화면테마설정, 자이로센서, NFC, 무선충전",생활방수(IP68),"평균 60시간,최대 131시간",배터리일체형,330mAh,스테인리스스틸,42g,,,,,,음악플레이어,,,,,,,,,
199300,삼성전자갤럭시워치LTE46mm,스마트워치,밴드교체형,무선랜(WiFi),"1.4""",360x360,슈퍼AM-OLED,터치스크린,블루투스5.0,타이젠,"안드로이드5.0, iOS9.0이상",768M,4G내장,"SNS, 문자, 전화","스트레스모니터링, 호흡가이드, 달리기, 수영모니터링, 심박측정, 운동정보기록, 수면패턴분석","심박센서, GPS, 날씨, 일정관리, 자이로센서, NFC, 고도센서, 기압센서, 속도계","생활방수(IP68), 방수(5ATM)","평균 80시간,최대 168시간",배터리일체형,330mAh,스테인리스스틸,42g,,,,,,,,LTE,,,,,,,
341800,삼성전자갤럭시워치액티브244mmLTE스테인리스,스마트워치,밴드교체형,무선랜(WiFi),"1.4""",360x360,슈퍼AM-OLED,터치스크린,블루투스5.0,타이젠,"안드로이드5.0, iOS9.0이상",768M,4G내장,"SNS, 문자, 전화","스트레스모니터링, 이동거리측정, 달리기, 사이클링, 수영모니터링, 심박측정, 칼로리측정, 운동정보기록, 수면패턴분석, 만보계","다중언어, GPS, 원격촬영, 음성명령, 화면테마설정, 자이로센서, NFC, 무선충전",생활방수(IP68),"평균 60시간,최대 131시간",배터리일체형,330mAh,스테인리스스틸,42g,,,,,,,,LTE,,,,,,,
157360,파슬FTW4012,스마트워치,밴드교체형,무선랜(WiFi),"1.4""",360x360,슈퍼AM-OLED,터치스크린,블루투스5.0,타이젠,"안드로이드5.0, iOS9.0이상",768M,4G내장,"SNS, 문자, 전화","스트레스모니터링, 이동거리측정, 달리기, 사이클링, 수영모니터링, 심박측정, 칼로리측정, 운동정보기록, 수면패턴분석, 만보계","다중언어, GPS, 원격촬영, 음성명령, 화면테마설정, 자이로센서, NFC, 무선충전",생활방수(IP67),"평균 60시간,최대 131시간",배터리일체형,330mAh,스테인리스스틸,42g,,,,,,음악플레이어,,,,,,,,,
359700,삼성전자갤럭시워치액티브240mmLTE알루미늄,스마트워치,밴드교체형,무선랜(WiFi),"1.4""",360x360,슈퍼AM-OLED,터치스크린,블루투스5.0,타이젠,"안드로이드5.0, iOS9.0이상",768M,4G내장,"SNS, 문자, 전화","스트레스모니터링, 이동거리측정, 달리기, 사이클링, 수영모니터링, 심박측정, 칼로리측정, 운동정보기록, 수면패턴분석, 만보계","다중언어, GPS, 원격촬영, 음성명령, 화면테마설정, 자이로센서, NFC, 무선충전",생활방수(IP68),"평균 60시간,최대 131시간",배터리일체형,330mAh,스테인리스스틸,42g,,,,,,,,LTE,,,,,,,
141990,삼성전자기어S3클래식,스마트워치,밴드교체형,무선랜(WiFi),"1.3""",360x360,슈퍼AM-OLED,터치스크린,블루투스5.0,타이젠,"안드로이드5.0, iOS9.0이상",768M,4G내장,"SNS, 문자, 전화","스트레스모니터링, 이동거리측정, 달리기, 사이클링, 수영모니터링, 심박측정, 칼로리측정, 운동정보기록, 수면패턴분석, 만보계","다중언어, GPS, 원격촬영, 음성명령, 화면테마설정, 자이로센서, NFC, 무선충전",생활방수(IP68),"평균 60시간,최대 131시간",배터리일체형,330mAh,스테인리스스틸,42g,,"1GHz, 듀얼코어",,,,,가죽밴드(22mm 표준밴드호환),,,,,,,,
623020,애플워치시리즈4Cellular44mm(골드스테인리스스틸),스마트워치,밴드교체형,무선랜(WiFi),"1.4""",368x448,OLED,터치스크린,블루투스5.0,타이젠,"안드로이드5.0, iOS9.0이상",768M,4G내장,"SNS, 문자, 전화","스트레스모니터링, 이동거리측정, 달리기, 사이클링, 수영모니터링, 심박측정, 칼로리측정, 운동정보기록, 수면패턴분석, 만보계","다중언어, GPS, 원격촬영, 음성명령, 화면테마설정, 자이로센서, NFC, 무선충전",생활방수(IP68),"평균 60시간,최대 131시간",배터리일체형,330mAh,스테인리스스틸,42g,,,,,,,,LTE,,,,,,,
251010,애플워치시리즈338mm(스페이스그레이알루미늄),스마트워치,밴드교체형,무선랜(WiFi),"1.4""",360x360,슈퍼AM-OLED,터치스크린,블루투스5.0,타이젠,"안드로이드5.0, iOS9.0이상",768M,4G내장,"SNS, 문자, 전화","스트레스모니터링, 이동거리측정, 달리기, 사이클링, 수영모니터링, 심박측정, 칼로리측정, 운동정보기록, 수면패턴분석, 만보계","다중언어, GPS, 원격촬영, 음성명령, 화면테마설정, 자이로센서, NFC, 무선충전",방수(최대50m),18시간,배터리일체형,330mAh,스테인리스스틸,42g,전화통화,듀얼코어,,,,,,,,,,,,,
298000,가민비보무브HR프리미엄,스마트워치,밴드교체형,무선랜(WiFi),"1.4""",360x360,슈퍼AM-OLED,터치스크린,블루투스5.0,타이젠,"아이폰4s이상, 안드로이드4.3이상",768M,4G내장,"SNS, 문자, 전화","스트레스모니터링, 체력연령측정, VO2 MAX, 이동거리측정, 사이클링, 수영모니터링, 심박측정, 수면패턴분석, 만보계",심박센서,생활방수,,,,,,,,,,,,,,,,,,,,
151670,삼성전자갤럭시워치42mm,스마트워치,밴드교체형,무선랜(WiFi),"1.2""",360x360,슈퍼AM-OLED,터치스크린,블루투스4.2,타이젠,"안드로이드5.0, iOS9.0이상",768M,4G내장,"SNS, 문자, 전화","스트레스모니터링, 이동거리측정, 달리기, 사이클링, 수영모니터링, 심박측정, 칼로리측정, 운동정보기록, 수면패턴분석, 만보계","다중언어, GPS, 원격촬영, 음성명령, 화면테마설정, 자이로센서, NFC, 무선충전",생활방수(IP68),"평균 60시간,최대 131시간",배터리일체형,270mAh,스테인리스스틸,49g,,,,"미드나잇블랙, 로즈골드",,,,,,,,,,,
359690,삼성전자갤럭시워치액티브240mm골프에디션,스마트워치,밴드교체형,무선랜(WiFi),"1.4""",360x360,슈퍼AM-OLED,터치스크린,블루투스5.0,타이젠,"안드로이드5.0, iOS9.0이상",768M,4G내장,"SNS, 문자, 전화","스트레스모니터링, 이동거리측정, 달리기, 사이클링, 수영모니터링, 심박측정, 칼로리측정, 운동정보기록, 수면패턴분석, 만보계","다중언어, GPS, 원격촬영, 음성명령, 화면테마설정, 자이로센서, NFC, 무선충전",생활방수(IP68),"평균 60시간,최대 131시간",배터리일체형,247mAh,스테인리스스틸,42g,,"1.15GHz, 듀얼코어",,,,,,,,,,,,,
629000,가민어프로치S62,스마트워치,밴드교체형,무선랜(WiFi),"1.4""",360x360,슈퍼AM-OLED,터치스크린,블루투스5.0,타이젠,"안드로이드5.0, iOS9.0이상",768M,4G내장,"SNS, 문자, 전화","스트레스모니터링, 이동거리측정, 달리기, 사이클링, 수영모니터링, 심박측정, 칼로리측정, 운동정보기록, 수면패턴분석, 만보계","다중언어, GPS, 원격촬영, 음성명령, 화면테마설정, 자이로센서, NFC, 무선충전",방수(5ATM),최대14일,,,,,,,,,,,,,,,,,,,
198990,가민비보액티브3,스마트워치,밴드교체형,무선랜(WiFi),"1.4""",360x360,슈퍼AM-OLED,터치스크린,블루투스,타이젠,"안드로이드5.0, iOS9.0이상",768M,4G내장,"SNS, 문자, 전화","스트레스모니터링, 이동거리측정, 달리기, 사이클링, 수영모니터링, 심박측정, 칼로리측정, 운동정보기록, 수면패턴분석, 만보계","다중언어, GPS, 원격촬영, 음성명령, 화면테마설정, 자이로센서, NFC, 무선충전",생활방수,,,,,,,,,,,,,,,,,,,,
157360,파슬FTW6011,스마트워치,밴드교체형,무선랜(WiFi),"1.4""",360x360,슈퍼AM-OLED,터치스크린,블루투스5.0,타이젠,"안드로이드5.0, iOS9.0이상",768M,4G내장,"SNS, 문자, 전화",심박측정,"GPS, 스톱워치, 알람설정",,,,,,,,,,,,,,,,,,,,,
203670,삼성전자갤럭시워치액티브244mmLTE알루미늄,스마트워치,밴드교체형,무선랜(WiFi),"1.4""",360x360,슈퍼AM-OLED,터치스크린,블루투스5.0,타이젠,"안드로이드5.0, iOS9.0이상",768M,4G내장,"SNS, 문자, 전화","스트레스모니터링, 이동거리측정, 달리기, 사이클링, 수영모니터링, 심박측정, 칼로리측정, 운동정보기록, 수면패턴분석, 만보계","다중언어, GPS, 원격촬영, 음성명령, 화면테마설정, 자이로센서, NFC, 무선충전",생활방수(IP68),"평균 60시간,최대 131시간",배터리일체형,330mAh,스테인리스스틸,42g,,,,,,,,LTE,,,,,,,
257042,화웨이워치GT246mm클래식,스마트워치,밴드교체형,무선랜(WiFi),"1.4""",360x360,슈퍼AM-OLED,터치스크린,블루투스5.0,타이젠,"안드로이드5.0, iOS9.0이상",768M,4G내장,"SNS, 문자, 전화","스트레스모니터링, 혈압측정, VO2 MAX, 달리기, 사이클링, 수영모니터링, 심박측정, 수면패턴분석","다중언어, GPS, 원격촬영, 음성명령, 화면테마설정, 자이로센서, NFC, 무선충전",생활방수(IP68),"평균 60시간,최대 131시간",배터리일체형,330mAh,스테인리스스틸,42g,,,,,,,,,,29g,,,,,
528990,애플워치시리즈544mm(실버알루미늄),스마트워치,밴드교체형,무선랜(WiFi),"1.4""",360x360,슈퍼AM-OLED,터치스크린,블루투스5.0,타이젠,"안드로이드5.0, iOS9.0이상",768M,4G내장,"SNS, 문자, 전화","스트레스모니터링, 이동거리측정, 달리기, 사이클링, 수영모니터링, 심박측정, 칼로리측정, 운동정보기록, 수면패턴분석, 만보계","다중언어, GPS, 원격촬영, 음성명령, 화면테마설정, 자이로센서, NFC, 무선충전",생활방수(IP68),최대18시간,배터리일체형,,,,,,,,,,,,,,,,,,
399300,삼성전자갤럭시워치골프에디션46mm,스마트워치,밴드교체형,무선랜(WiFi),"1.3""",360x360,슈퍼AM-OLED,터치스크린,블루투스4.2,타이젠,"안드로이드5.0, iOS9.0이상",768M,4G내장,"SNS, 문자, 전화","스트레스모니터링, 이동거리측정, 달리기, 사이클링, 수영모니터링, 심박측정, 칼로리측정, 운동정보기록, 수면패턴분석, 만보계","다중언어, GPS, 원격촬영, 음성명령, 화면테마설정, 자이로센서, NFC, 무선충전",생활방수(IP68),"평균 60시간,최대 131시간",배터리일체형,472mAh,스테인리스스틸,63g,,,,실버,,,,,,,,,,,
195720,화웨이워치GT242mm엘레강트,스마트워치,밴드교체형,무선랜(WiFi),"1.4""",360x360,슈퍼AM-OLED,터치스크린,블루투스5.0,타이젠,"안드로이드5.0, iOS9.0이상",768M,4G내장,"SNS, 문자, 전화","스트레스모니터링, 이동거리측정, 달리기, 사이클링, 수영모니터링, 심박측정, 칼로리측정, 운동정보기록, 수면패턴분석, 만보계","다중언어, GPS, 원격촬영, 음성명령, 화면테마설정, 자이로센서, NFC, 무선충전",생활방수(IP68),"평균 60시간,최대 131시간",배터리일체형,330mAh,스테인리스스틸,29,,,,,,음악플레이어,,,,,,,,,
391320,가민포러너245,스마트워치,밴드교체형,무선랜(WiFi),"1.4""",360x360,슈퍼AM-OLED,터치스크린,블루투스5.0,타이젠,"안드로이드5.0, iOS9.0이상",768M,4G내장,"SNS, 문자, 전화","스트레스모니터링, 이동거리측정, 달리기, 사이클링, 수영모니터링, 심박측정, 칼로리측정, 운동정보기록, 수면패턴분석, 만보계","다중언어, GPS, 원격촬영, 음성명령, 화면테마설정, 자이로센서, NFC, 무선충전",방수(5ATM),최대7일,배터리일체형,330mAh,스테인리스스틸,42g,,,,,,,,,,38.5g,,,,,
289380,애플워치시리즈342mm(스페이스그레이알루미늄),스마트워치,밴드교체형,무선랜(WiFi),"1.4""",360x360,슈퍼AM-OLED,터치스크린,블루투스5.0,타이젠,"안드로이드5.0, iOS9.0이상",768M,4G내장,"SNS, 문자, 전화","스트레스모니터링, 이동거리측정, 달리기, 사이클링, 수영모니터링, 심박측정, 칼로리측정, 운동정보기록, 수면패턴분석, 만보계","다중언어, GPS, 원격촬영, 음성명령, 화면테마설정, 자이로센서, NFC, 무선충전",생활방수,18시간,배터리일체형,330mAh,스테인리스스틸,42g,전화통화,듀얼코어,,,,,,,,,,,,,
243600,가민포러너235,스마트워치,밴드교체형,무선랜(WiFi),"1.4""",360x360,슈퍼AM-OLED,터치스크린,블루투스5.0,타이젠,"안드로이드5.0, iOS9.0이상",768M,4G내장,"SNS, 문자, 전화","스트레스모니터링, 이동거리측정, 달리기, 사이클링, 수영모니터링, 심박측정, 칼로리측정, 운동정보기록, 수면패턴분석, 만보계","다중언어, GPS, 원격촬영, 음성명령, 화면테마설정, 자이로센서, NFC, 무선충전",생활방수(IP68),"평균 60시간,최대 131시간",배터리일체형,330mAh,스테인리스스틸,42g,,,,,,음악플레이어,,,,,,,,,
518470,애플워치시리즈5Nike+40mm(실버알루미늄),스마트워치,밴드교체형,무선랜(WiFi),"1.4""",360x360,슈퍼AM-OLED,터치스크린,블루투스5.0,타이젠,"안드로이드5.0, iOS9.0이상",768M,4G내장,"SNS, 문자, 전화","스트레스모니터링, 이동거리측정, 달리기, 사이클링, 수영모니터링, 심박측정, 칼로리측정, 운동정보기록, 수면패턴분석, 만보계","넘어짐 감지, 주변광센서, GPS, SOS안심서비스, 항상화면켜짐, 화면테마설정, 앱설치, 자이로센서, 가속계센서, 나침반센서, 기압센서, 음악 스트리밍",생활방수(최대50m),최대18시간,배터리일체형,,,,,,,,,,,,,,,,,,
703790,가민포러너945,스마트워치,밴드교체형,무선랜(WiFi),"1.4""",360x360,슈퍼AM-OLED,터치스크린,블루투스5.0,타이젠,"안드로이드5.0, iOS9.0이상",768M,4G내장,"SNS, 문자, 전화","실내운동모드, VO2 MAX, 달리기, 사이클링, 수영모니터링, 트랙킹, 심박측정, 골프","타이머, GPS, 음악재생(저장가능), 스톱워치, 자이로센서, 고도센서, 기압센서, 알람설정",방수(5ATM),14일,배터리일체형,330mAh,스테인리스스틸,42g,,,,,,,,,,50g,,,,,
428390,가민포러너245뮤직,스마트워치,밴드교체형,무선랜(WiFi),"1.4""",360x360,슈퍼AM-OLED,터치스크린,블루투스5.0,타이젠,"안드로이드5.0, iOS9.0이상",768M,4G내장,"SNS, 문자, 전화","일일활동량측정, 이동거리측정, 심박측정, 칼로리측정, 수면패턴분석, 만보계, 스트레칭알림","심박센서, GPS",생활방수(IP68),"평균 60시간,최대 131시간",배터리일체형,330mAh,스테인리스스틸,42g,,,,,,,,,,38.5g,,,,,
947600,가민피닉스6XProSolar,스마트워치,밴드교체형,무선랜(WiFi),"1.4""",360x360,슈퍼AM-OLED,터치스크린,블루투스5.0,타이젠,"안드로이드5.0, iOS9.0이상",768M,4G내장,"SNS, 문자, 전화","스트레스모니터링, 이동거리측정, 달리기, 사이클링, 수영모니터링, 심박측정, 칼로리측정, 운동정보기록, 수면패턴분석, 만보계","다중언어, GPS, 원격촬영, 음성명령, 화면테마설정, 자이로센서, NFC, 무선충전",방수(10ATM),최대21일+3일,,,,,,,,,,,,,,,,,,,
664050,순토7,스마트워치,밴드교체형,무선랜(WiFi),"1.4""",360x360,슈퍼AM-OLED,터치스크린,블루투스5.0,타이젠,"안드로이드5.0, iOS9.0이상",768M,4G내장,"SNS, 문자, 전화","사이클링, 심박측정","음성명령(오케이구글), 앱설치(구글플레이)",생활방수(IP68),"평균 60시간,최대 131시간",배터리일체형,330mAh,스테인리스스틸,42g,,,,,,음악플레이어,,,,,,,,,
579000,애플워치시리즈5Nike+44mm(스페이스그레이알루미늄),스마트워치,밴드교체형,무선랜(WiFi),"1.4""",360x360,슈퍼AM-OLED,터치스크린,블루투스5.0,타이젠,"안드로이드5.0, iOS9.0이상",768M,4G내장,"SNS, 문자, 전화","스트레스모니터링, 이동거리측정, 달리기, 사이클링, 수영모니터링, 심박측정, 칼로리측정, 운동정보기록, 수면패턴분석, 만보계","다중언어, GPS, 원격촬영, 음성명령, 화면테마설정, 자이로센서, NFC, 무선충전",생활방수(IP68),최대18시간,배터리일체형,,,,,,,,,,,,,,,,,,
700000,애플워치시리즈5Nike+Cellular44mm(실버알루미늄),스마트워치,밴드교체형,무선랜(WiFi),"1.4""",360x360,슈퍼AM-OLED,터치스크린,블루투스5.0,타이젠,"안드로이드5.0, iOS9.0이상",768M,4G내장,"SNS, 문자, 전화","스트레스모니터링, 이동거리측정, 달리기, 사이클링, 수영모니터링, 심박측정, 칼로리측정, 운동정보기록, 수면패턴분석, 만보계","다중언어, GPS, 원격촬영, 음성명령, 화면테마설정, 자이로센서, NFC, 무선충전",생활방수(IP68),최대18시간,배터리일체형,,,,,,,,,,,,,,,,,,
559400,순토9,스마트워치,밴드교체형,무선랜(WiFi),"1.4""",360x360,슈퍼AM-OLED,터치스크린,블루투스5.0,타이젠,"안드로이드5.0, iOS9.0이상",768M,4G내장,"SNS, 문자, 전화","스트레스모니터링, 이동거리측정, 달리기, 사이클링, 수영모니터링, 심박측정, 칼로리측정, 운동정보기록, 수면패턴분석, 만보계","심박센서, 폭풍알람, GPS, 날씨, 기압센서, 일출,일몰알림",방수(최대100m),,,,,,,,,,,,,,,,,,,,
256410,애플워치시리즈3Nike+38mm(그레이알루미늄),스마트워치,밴드교체형,무선랜(WiFi),"1.4""",360x360,슈퍼AM-OLED,터치스크린,블루투스5.0,타이젠,"안드로이드5.0, iOS9.0이상",768M,4G내장,"SNS, 문자, 전화","스트레스모니터링, 이동거리측정, 달리기, 사이클링, 수영모니터링, 심박측정, 칼로리측정, 운동정보기록, 수면패턴분석, 만보계","다중언어, GPS, 원격촬영, 음성명령, 화면테마설정, 자이로센서, NFC, 무선충전",방수(최대50m),18시간,배터리일체형,330mAh,스테인리스스틸,42g,전화통화,듀얼코어,,,,,,,,,,,,,
54190,샤오미화미어메이즈핏빕,스마트워치,밴드교체형,무선랜(WiFi),"1.4""",360x360,슈퍼AM-OLED,터치스크린,블루투스5.0,타이젠,"안드로이드5.0, iOS9.0이상",768M,4G내장,"SNS, 문자, 전화","스트레스모니터링, 이동거리측정, 달리기, 사이클링, 수영모니터링, 심박측정, 칼로리측정, 운동정보기록, 수면패턴분석, 만보계","다중언어, GPS, 원격촬영, 음성명령, 화면테마설정, 자이로센서, NFC, 무선충전",생활방수(IP68),,,,,,,,,,,,,,,,,,,,
234990,핏빗Versa2,스마트워치,밴드교체형,무선랜(WiFi),"1.4""",360x360,슈퍼AM-OLED,터치스크린,블루투스5.0,타이젠,"안드로이드5.0, iOS9.0이상",768M,4G내장,"SNS, 문자, 전화","여성 건강 모니터링, 호흡가이드, 이동거리측정, 달리기, 사이클링, 수영모니터링, 심박측정, 칼로리측정, 운동정보기록, 수면패턴분석, 만보계","주변광센서, GPS, 화면테마설정, 음성-텍스트변환, NFC, 고도센서, 진동경보, 음악 스트리밍",방수(최대50m),"평균 60시간,최대 131시간",배터리일체형,330mAh,스테인리스스틸,42g,,,,,5일,,,,,,,,,,
669000,가민비보무브럭스,스마트워치,밴드교체형,무선랜(WiFi),"1.4""",360x360,슈퍼AM-OLED,터치스크린,블루투스5.0,타이젠,"안드로이드5.0, iOS9.0이상",768M,4G내장,문자,"스트레스모니터링, 이동거리측정, 달리기, 사이클링, 수영모니터링, 심박측정, 칼로리측정, 운동정보기록, 수면패턴분석, 만보계","다중언어, GPS, 원격촬영, 음성명령, 화면테마설정, 자이로센서, NFC, 무선충전",생활방수(IP68),"평균 60시간,최대 131시간",배터리일체형,330mAh,스테인리스스틸,42g,,,,,,,,,,44.5g,,,,,
538560,애플워치시리즈544mm(골드알루미늄),스마트워치,밴드교체형,무선랜(WiFi),"1.4""",360x360,슈퍼AM-OLED,터치스크린,블루투스5.0,타이젠,"안드로이드5.0, iOS9.0이상",768M,4G내장,"SNS, 문자, 전화","스트레스모니터링, 이동거리측정, 달리기, 사이클링, 수영모니터링, 심박측정, 칼로리측정, 운동정보기록, 수면패턴분석, 만보계","다중언어, GPS, 원격촬영, 음성명령, 화면테마설정, 자이로센서, NFC, 무선충전",생활방수(IP68),최대18시간,배터리일체형,,,,,,,,,,,,,,,,,,
847240,가민피닉스5X,스마트워치,밴드교체형,무선랜(WiFi),"1.2""",240x240,슈퍼AM-OLED,터치스크린,블루투스5.0,타이젠,"안드로이드5.0, iOS9.0이상",768M,4G내장,"SNS, 문자, 전화","스트레스모니터링, 이동거리측정, 달리기, 사이클링, 수영모니터링, 심박측정, 칼로리측정, 운동정보기록, 수면패턴분석, 만보계","다중언어, GPS, 원격촬영, 음성명령, 화면테마설정, 자이로센서, NFC, 무선충전",방수(10ATM),"평균 60시간,최대 131시간",배터리일체형,330mAh,스테인리스스틸,42g,,,,,,음악플레이어,,,,,98g,,,,
427200,가민포러너935,스마트워치,밴드교체형,무선랜(WiFi),"1.2""",240x240,슈퍼AM-OLED,터치스크린,블루투스5.0,타이젠,"안드로이드5.0, iOS9.0이상",768M,4G내장,"SNS, 문자, 전화","스트레스모니터링, 이동거리측정, 달리기, 사이클링, 수영모니터링, 심박측정, 칼로리측정, 운동정보기록, 수면패턴분석, 만보계","다중언어, GPS, 원격촬영, 음성명령, 화면테마설정, 자이로센서, NFC, 무선충전",생활방수(IP68),"평균 60시간,최대 131시간",배터리일체형,330mAh,스테인리스스틸,42g,,,,"블랙그레이, 포스옐로우",약2주,,22mm,,,,,,,,
259300,순토5,스마트워치,밴드교체형,무선랜(WiFi),"1.4""",360x360,슈퍼AM-OLED,터치스크린,블루투스5.0,타이젠,"안드로이드5.0, iOS9.0이상",768M,4G내장,"SNS, 문자, 전화","스트레스모니터링, 이동거리측정, 달리기, 사이클링, 수영모니터링, 심박측정, 칼로리측정, 운동정보기록, 수면패턴분석, 만보계","다중언어, GPS, 원격촬영, 음성명령, 화면테마설정, 자이로센서, NFC, 무선충전",생활방수(IP68),"평균 60시간,최대 131시간",배터리일체형,330mAh,스테인리스스틸,42g,,,,,,,,,,66g,,,,,
239650,가민비보무브HR스포츠,스마트워치,밴드교체형,무선랜(WiFi),"1.4""",360x360,슈퍼AM-OLED,터치스크린,블루투스5.0,타이젠,"아이폰4s이상, 안드로이드4.3이상",768M,4G내장,"SNS, 문자, 전화","스트레스모니터링, 체력연령측정, VO2 MAX, 이동거리측정, 사이클링, 수영모니터링, 심박측정, 수면패턴분석, 만보계",심박센서,생활방수,,,,,,,,,,,,,,,,,,,,
149500,삼성전자갤럭시워치LTE42mm,스마트워치,밴드교체형,무선랜(WiFi),"1.4""",360x360,슈퍼AM-OLED,터치스크린,블루투스5.0,타이젠,"안드로이드5.0, iOS9.0이상",768M,4G내장,"SNS, 문자, 전화","스트레스모니터링, 호흡가이드, 달리기, 수영모니터링, 심박측정, 운동정보기록, 수면패턴분석","심박센서, GPS, 날씨, 일정관리, 자이로센서, NFC, 고도센서, 기압센서, 속도계","생활방수(IP68), 방수(5ATM)","평균 45시간,최대 120시간",배터리일체형,330mAh,스테인리스스틸,42g,,,,,,,,LTE,,,,,,,
29820,LEMFOL8,스마트워치,밴드교체형,무선랜(WiFi),"1.4""",360x360,슈퍼AM-OLED,터치스크린,블루투스5.0,타이젠,"안드로이드5.0, iOS9.0이상",768M,4G내장,"SNS, 문자, 전화","스트레스모니터링, 이동거리측정, 달리기, 사이클링, 수영모니터링, 심박측정, 칼로리측정, 운동정보기록, 수면패턴분석, 만보계","다중언어, GPS, 원격촬영, 음성명령, 화면테마설정, 자이로센서, NFC, 무선충전",생활방수(IP68),"평균 60시간,최대 131시간",배터리일체형,320mAh,,,,,,,,,,,,,,,,,
85320,삼성전자기어S,스마트워치,밴드교체형,무선랜(WiFi),"1.4""",360x360,슈퍼AM-OLED,터치스크린,블루투스5.0,타이젠,"안드로이드5.0, iOS9.0이상",768M,4G내장,"SNS, 문자, 전화","스트레스모니터링, 이동거리측정, 달리기, 사이클링, 수영모니터링, 심박측정, 칼로리측정, 운동정보기록, 수면패턴분석, 만보계","다중언어, GPS, 원격촬영, 음성명령, 화면테마설정, 자이로센서, NFC, 무선충전",생활방수(IP68),"평균 60시간,최대 131시간",배터리일체형,330mAh,스테인리스스틸,42g,,,,,,,,,,,"66g(블루블랙),84g(화이트)",조도센서있음,,,"내장스피커,마이크"
243380,삼성전자기어스포츠,스마트워치,밴드교체형,무선랜(WiFi),"1.4""",360x360,슈퍼AM-OLED,터치스크린,블루투스5.0,타이젠,"안드로이드5.0, iOS9.0이상",768M,4G내장,"SNS, 문자, 전화","스트레스모니터링, 이동거리측정, 달리기, 사이클링, 수영모니터링, 심박측정, 칼로리측정, 운동정보기록, 수면패턴분석, 만보계","다중언어, GPS, 원격촬영, 음성명령, 화면테마설정, 자이로센서, NFC, 무선충전",생활방수(IP68),"평균 60시간,최대 131시간",배터리일체형,330mAh,스테인리스스틸,42g,,,,"블랙, 블루",,,,,,,,,,,
263200,핏빗Versa2스페셜에디션,스마트워치,밴드교체형,무선랜(WiFi),"1.4""",360x360,슈퍼AM-OLED,터치스크린,블루투스5.0,타이젠,"안드로이드5.0, iOS9.0이상",768M,4G내장,"SNS, 문자, 전화","여성 건강 모니터링, 호흡가이드, 이동거리측정, 달리기, 사이클링, 수영모니터링, 심박측정, 칼로리측정, 운동정보기록, 수면패턴분석, 만보계","주변광센서, GPS, 화면테마설정, 음성-텍스트변환, NFC, 고도센서, 진동경보, 음악 스트리밍",방수(최대50m),"평균 60시간,최대 131시간",배터리일체형,330mAh,스테인리스스틸,42g,,,,,5일,,,,,,,,,,
302200,삼성전자갤럭시워치액티브240mmLTE스테인리스,스마트워치,밴드교체형,무선랜(WiFi),"1.4""",360x360,슈퍼AM-OLED,터치스크린,블루투스5.0,타이젠,"안드로이드5.0, iOS9.0이상",768M,4G내장,"SNS, 문자, 전화","스트레스모니터링, 이동거리측정, 달리기, 사이클링, 수영모니터링, 심박측정, 칼로리측정, 운동정보기록, 수면패턴분석, 만보계","다중언어, GPS, 원격촬영, 음성명령, 화면테마설정, 자이로센서, NFC, 무선충전",생활방수(IP68),"평균 60시간,최대 131시간",배터리일체형,330mAh,스테인리스스틸,42g,,,,,,,,LTE,,,,,,,
198000,화웨이워치GT242mm클래식,스마트워치,밴드교체형,무선랜(WiFi),"1.4""",360x360,슈퍼AM-OLED,터치스크린,블루투스5.0,타이젠,"안드로이드5.0, iOS9.0이상",768M,4G내장,"SNS, 문자, 전화","스트레스모니터링, 이동거리측정, 달리기, 사이클링, 수영모니터링, 심박측정, 칼로리측정, 운동정보기록, 수면패턴분석, 만보계","다중언어, GPS, 원격촬영, 음성명령, 화면테마설정, 자이로센서, NFC, 무선충전",생활방수(IP68),"평균 60시간,최대 131시간",배터리일체형,330mAh,스테인리스스틸,42g,,,,,,,,,,29g,,,,,
295160,애플워치시리즈342mm(실버알루미늄),스마트워치,밴드교체형,무선랜(WiFi),"1.4""",360x360,슈퍼AM-OLED,터치스크린,블루투스5.0,타이젠,"안드로이드5.0, iOS9.0이상",768M,4G내장,"SNS, 문자, 전화","스트레스모니터링, 이동거리측정, 달리기, 사이클링, 수영모니터링, 심박측정, 칼로리측정, 운동정보기록, 수면패턴분석, 만보계","다중언어, GPS, 원격촬영, 음성명령, 화면테마설정, 자이로센서, NFC, 무선충전",생활방수,18시간,배터리일체형,330mAh,스테인리스스틸,42g,전화통화,듀얼코어,,,,,,,,,,,,,
119900,샤오미화미어메이즈핏버지,스마트워치,밴드교체형,무선랜(WiFi),"1.4""",360x360,슈퍼AM-OLED,터치스크린,블루투스5.0,타이젠,"안드로이드5.0, iOS9.0이상",768M,4G내장,"SNS, 문자, 전화","스트레스모니터링, 이동거리측정, 달리기, 사이클링, 수영모니터링, 심박측정, 칼로리측정, 운동정보기록, 수면패턴분석, 만보계","심박센서, GPS, 자이로센서, 가속계센서, NFC, 기압센서",생활방수(IP68),,,,,,,,,,,,,,,,,,,,
523800,애플워치시리즈4Cellular40mm(스페이스블랙스테인리스스틸),스마트워치,밴드교체형,무선랜(WiFi),"1.4""",324x394,OLED,터치스크린,블루투스5.0,타이젠,"안드로이드5.0, iOS9.0이상",768M,4G내장,"SNS, 문자, 전화","스트레스모니터링, 이동거리측정, 달리기, 사이클링, 수영모니터링, 심박측정, 칼로리측정, 운동정보기록, 수면패턴분석, 만보계","다중언어, GPS, 원격촬영, 음성명령, 화면테마설정, 자이로센서, NFC, 무선충전",생활방수(IP68),"평균 60시간,최대 131시간",배터리일체형,330mAh,스테인리스스틸,42g,,,,,,,,LTE,,,,,,,
39000,캐시워치(i6HR),스마트워치,밴드교체형,무선랜(WiFi),"1.4""",360x360,슈퍼AM-OLED,터치스크린,블루투스5.0,타이젠,"안드로이드5.0, iOS9.0이상",768M,4G내장,"SNS, 문자, 전화","일일활동량측정, 심박측정, 수면패턴분석","심박센서, 내휴대폰찾기",생활방수(IP67),,,,,,,,,,,,,,,,,,,,
367000,애플워치시리즈3Nike+Cellular38mm(스페이스그레이),스마트워치,밴드교체형,무선랜(WiFi),"1.4""",360x360,슈퍼AM-OLED,터치스크린,블루투스5.0,타이젠,"안드로이드5.0, iOS9.0이상",768M,4G내장,"SNS, 문자, 전화","스트레스모니터링, 이동거리측정, 달리기, 사이클링, 수영모니터링, 심박측정, 칼로리측정, 운동정보기록, 수면패턴분석, 만보계","다중언어, GPS, 원격촬영, 음성명령, 화면테마설정, 자이로센서, NFC, 무선충전",생활방수(IP68),"평균 60시간,최대 131시간",배터리일체형,330mAh,알루미늄,42g,,,,,,,,LTE,,,,,,,
39900,스트로만B2,스마트워치,밴드교체형,무선랜(WiFi),"1.4""",360x360,슈퍼AM-OLED,터치스크린,블루투스5.0,타이젠,"안드로이드5.0, iOS9.0이상",768M,4G내장,"SNS, 문자, 전화","스트레스모니터링, 이동거리측정, 달리기, 사이클링, 수영모니터링, 심박측정, 칼로리측정, 운동정보기록, 수면패턴분석, 만보계","다중언어, GPS, 원격촬영, 음성명령, 화면테마설정, 자이로센서, NFC, 무선충전",생활방수(IP68),"평균 60시간,최대 131시간",배터리일체형,180mAh,스테인리스스틸,42g,,,,,,,,,,33.5g,,,,,
115200,삼성전자기어S2,스마트워치,밴드교체형,무선랜(WiFi),"1.2""",360x360,슈퍼AM-OLED,터치스크린,블루투스4.1,타이젠,"안드로이드4.4이상, iOS9.0이상",768M,4G내장,"SNS, 문자, 전화","스트레스모니터링, 이동거리측정, 달리기, 사이클링, 수영모니터링, 심박측정, 칼로리측정, 운동정보기록, 수면패턴분석, 만보계","다중언어, GPS, 원격촬영, 음성명령, 화면테마설정, 자이로센서, NFC, 무선충전",생활방수(IP68),"평균 60시간,최대 131시간",배터리일체형,330mAh,스테인리스스틸,42g,,,,"다크그레이,실버",,음악플레이어,,,,,,,,,
169000,화웨이워치GT스포츠,스마트워치,밴드교체형,무선랜(WiFi),"1.4""",360x360,슈퍼AM-OLED,터치스크린,블루투스5.0,타이젠,"안드로이드5.0, iOS9.0이상",768M,4G내장,"SNS, 문자, 전화","스트레스모니터링, 이동거리측정, 달리기, 사이클링, 수영모니터링, 심박측정, 칼로리측정, 운동정보기록, 수면패턴분석, 만보계","심박센서, GPS, 자이로센서, 나침반센서, 기압센서",방수(5ATM),평균 2주,,,,,,,,,,,,,,,,,,,
292250,LG전자워치W7,스마트워치,밴드교체형,무선랜(WiFi),"1.2""",360x360,LCD,터치스크린,블루투스4.2,타이젠,"안드로이드5.0, iOS9.0이상",768M,4G내장,"SNS, 문자, 전화","스트레스모니터링, 이동거리측정, 달리기, 사이클링, 수영모니터링, 심박측정, 칼로리측정, 운동정보기록, 수면패턴분석, 만보계","다중언어, GPS, 원격촬영, 음성명령, 화면테마설정, 자이로센서, NFC, 무선충전",생활방수(IP68),"평균 60시간,최대 131시간",배터리일체형,240mAh,스테인리스스틸,42g,,"1.1GHz, 쿼드코어",,,,,,,,,,,,,
48990,샤오미미지아석영손목시계,스마트워치,밴드교체형,무선랜(WiFi),"1.4""",360x360,슈퍼AM-OLED,터치스크린,블루투스5.0,타이젠,"안드로이드5.0, iOS9.0이상",768M,4G내장,"SNS, 문자, 전화","스트레스모니터링, 이동거리측정, 달리기, 사이클링, 수영모니터링, 심박측정, 칼로리측정, 운동정보기록, 수면패턴분석, 만보계","다중언어, GPS, 원격촬영, 음성명령, 화면테마설정, 자이로센서, NFC, 무선충전",방수(3ATM),,,,,,,,,,,,,,,,,,,,
1280000,가민피닉스6X,스마트워치,밴드교체형,무선랜(WiFi),"1.4""",360x360,슈퍼AM-OLED,터치스크린,블루투스5.0,타이젠,"안드로이드5.0, iOS9.0이상",768M,4G내장,"SNS, 문자, 전화","스트레스모니터링, 이동거리측정, 달리기, 사이클링, 수영모니터링, 심박측정, 칼로리측정, 운동정보기록, 수면패턴분석, 만보계","다중언어, GPS, 원격촬영, 음성명령, 화면테마설정, 자이로센서, NFC, 무선충전",방수(10ATM),최대21일,,,,,,,,,,,,,,,,,,,
359700,삼성전자갤럭시워치골프에디션42mm,스마트워치,밴드교체형,무선랜(WiFi),"1.2""",360x360,슈퍼AM-OLED,터치스크린,블루투스4.2,타이젠,"안드로이드5.0, iOS9.0이상",768M,4G내장,"SNS, 문자, 전화","스트레스모니터링, 이동거리측정, 달리기, 사이클링, 수영모니터링, 심박측정, 칼로리측정, 운동정보기록, 수면패턴분석, 만보계","다중언어, GPS, 원격촬영, 음성명령, 화면테마설정, 자이로센서, NFC, 무선충전",생활방수(IP68),"평균 60시간,최대 131시간",배터리일체형,270mAh,스테인리스스틸,49g,,,,미드나잇블랙,,,,,,,,,,,
320000,삼성전자갤럭시워치액티브244mm언더아머에디션,스마트워치,밴드교체형,무선랜(WiFi),"1.4""",360x360,슈퍼AM-OLED,터치스크린,블루투스5.0,타이젠,"안드로이드5.0, iOS9.0이상",768M,4G내장,"SNS, 문자, 전화","스트레스모니터링, 이동거리측정, 달리기, 사이클링, 수영모니터링, 심박측정, 칼로리측정, 운동정보기록, 수면패턴분석, 만보계","다중언어, GPS, 원격촬영, 음성명령, 화면테마설정, 자이로센서, NFC, 무선충전",생활방수(IP68),"평균 60시간,최대 131시간",배터리일체형,330mAh,스테인리스스틸,30g,,,,,,,,,,,,,,,
56010,H8,스마트워치,밴드교체형,무선랜(WiFi),"1.4""",360x360,슈퍼AM-OLED,터치스크린,블루투스5.0,타이젠,"안드로이드5.0, iOS9.0이상",768M,4G내장,"SNS, 문자, 전화","이동거리측정, 칼로리측정, 수면패턴분석, 만보계","다중언어, GPS, 원격촬영, 음성명령, 화면테마설정, 자이로센서, NFC, 무선충전",생활방수(IP67),,,,,,,,,,,,,,,,,,,,
341250,파슬FossilGen5,스마트워치,밴드교체형,무선랜(WiFi),"1.4""",360x360,슈퍼AM-OLED,터치스크린,블루투스5.0,타이젠,"안드로이드5.0, iOS9.0이상",768M,4G내장,"SNS, 문자, 전화","스트레스모니터링, 이동거리측정, 달리기, 사이클링, 수영모니터링, 심박측정, 칼로리측정, 운동정보기록, 수면패턴분석, 만보계","다중언어, GPS, 원격촬영, 음성명령, 화면테마설정, 자이로센서, NFC, 무선충전",생활방수,1일,배터리일체형,330mAh,스테인리스스틸,42g,,,,,,음악플레이어,,,,,,,,,
121390,샤오미화미어메이즈핏GTRLite47mm,스마트워치,밴드교체형,무선랜(WiFi),"1.4""",360x360,슈퍼AM-OLED,터치스크린,블루투스5.0,타이젠,"안드로이드5.0, iOS9.0이상",768M,4G내장,"SNS, 문자, 전화","스트레스모니터링, 이동거리측정, 달리기, 사이클링, 수영모니터링, 심박측정, 칼로리측정, 운동정보기록, 수면패턴분석, 만보계","다중언어, GPS, 원격촬영, 음성명령, 화면테마설정, 자이로센서, NFC, 무선충전",생활방수(IP68),"평균 60시간,최대 131시간",배터리일체형,330mAh,스테인리스스틸,42g,,,,,,음악플레이어,,,,,,,,,
