최저가,상품명,품목,밴드형태,화면크기,해상도,화면종류,화면,블루투스버전,항목,건강관리,부가기능,방수기능,대기,배터리종류,배터리용량,무게(밴드포함),무게,네트워크,내장OS,호환가능OS,사용시간,색상,재질,무게(본체),램,내장메모리,디자인,컨트롤,단자,CPU,충전,크기,항목2,통화유무,통화,음악,송신,크기(지름)
19800,샤오미미밴드4,스마트밴드,밴드교체형,"0.95""",120x240,AM-OLED,터치스크린,블루투스5.0,"SNS, 문자, 전화","이동거리측정, 달리기, 사이클링, 수영모니터링, 심박측정, 칼로리측정, 운동정보기록, 수면패턴분석, 스트레칭알림","다중언어, 배터리확인, 화면테마설정, 알람설정, 진동경보",방수(5ATM),20일,배터리일체형,135mAh,22g,22.1g,,,,,,,,,,,,,,,,,,,,,
35220,삼성전자갤럭시핏e,스마트밴드,밴드교체형,"0.74""",64x128,P-OLED,터치스크린,블루투스5.0,"SNS, 문자, 전화","이동거리측정, 달리기, 사이클링, 수영모니터링, 심박측정, 칼로리측정, 운동정보기록, 수면패턴분석, 스트레칭알림","다중언어, 배터리확인, 화면테마설정, 알람설정, 진동경보",방수(5ATM),20일,배터리일체형,135mAh,22g,22.1g,,,,6~7일,,,,,,,,,,,,,,,,,
85500,삼성전자갤럭시핏,스마트밴드,밴드교체형,"0.95""",120x240,AM-OLED,터치스크린,블루투스5.0,문자,"스트레스모니터링, 호흡가이드, 달리기, 사이클링, 심박측정, 칼로리측정, 수면패턴분석, 만보계",심박센서,방수(5ATM),20일,배터리일체형,120mAh,22g,22.1g,,,,7~8일,"실버, 블랙",,,,,,,,,,,,,,,,
20940,샤오미미밴드3,스마트밴드,밴드교체형,"0.78""",80x120,OLED,터치스크린,블루투스4.2,"문자, 전화","수영모니터링, 심박측정, 칼로리측정, 수면패턴분석, 만보계, 스트레칭알림","심박센서, 내휴대폰찾기, 날씨, 가속계센서, 알람설정",방수(5ATM),20일,배터리일체형,110mAh,20g,,,,,,,,,,,,,,,,,,,,,,
41290,Brook포고플포켓오토캐치리바이버,스마트밴드,밴드교체형,"0.95""",120x240,AM-OLED,터치스크린,블루투스5.0,"SNS, 문자, 전화","이동거리측정, 달리기, 사이클링, 수영모니터링, 심박측정, 칼로리측정, 운동정보기록, 수면패턴분석, 스트레칭알림","다중언어, 배터리확인, 화면테마설정, 알람설정, 진동경보",방수(5ATM),20일,배터리일체형,135mAh,22g,22.1g,,,"iOS8.0이상, 안드로이드4.4이상",,,,,,,,,,,,,,,,,,
203100,핏빗Charge4,스마트밴드,밴드교체형,"0.95""",120x240,AM-OLED,터치스크린,블루투스5.0,"SNS, 문자, 전화","이동거리측정, 달리기, 사이클링, 수영모니터링, 심박측정, 칼로리측정, 운동정보기록, 수면패턴분석, 스트레칭알림","다중언어, 배터리확인, 화면테마설정, 알람설정, 진동경보",방수(5ATM),20일,배터리일체형,135mAh,22g,22.1g,,,,7일,"로즈우드, 블랙, 스톰블루",,,,,,,,,,,,,,,,
105180,가민비보스포츠,스마트밴드,밴드일체형,"0.95""",120x240,AM-OLED,터치스크린,블루투스5.0,"SNS, 문자, 전화","스트레스모니터링, 체력연령측정, 일일활동량측정, 달리기, 심박측정","심박센서, GPS",방수(5ATM),20일,배터리일체형,135mAh,22g,22.1g,,,,최대7일,,,,,,,,,,,,,,,,,
34890,샤오미미밴드4NFC,스마트밴드,밴드교체형,"0.95""",120x240,AM-OLED,터치스크린,블루투스5.0,"SNS, 문자, 전화","이동거리측정, 달리기, 사이클링, 수영모니터링, 심박측정, 칼로리측정, 운동정보기록, 수면패턴분석, 스트레칭알림","다중언어, 배터리확인, 화면테마설정, 알람설정, 진동경보",방수(5ATM),20일,배터리일체형,135mAh,22g,22.1g,,,,,,,,,,,,,,,,,,,,,
56880,코아POWERG1,스마트워치,밴드교체형,"0.95""",120x240,AM-OLED,터치스크린,블루투스5.0,"SNS, 문자, 전화","이동거리측정, 달리기, 사이클링, 수영모니터링, 심박측정, 칼로리측정, 운동정보기록, 수면패턴분석, 스트레칭알림","다중언어, 배터리확인, 화면테마설정, 알람설정, 진동경보",방수(5ATM),20일,배터리일체형,135mAh,22g,22.1g,,,,2~4일,,실리콘,45g,,,,,,,,,,,,,,
29000,화웨이밴드4,스마트밴드,밴드교체형,"0.95""",120x240,AM-OLED,터치스크린,블루투스5.0,"SNS, 문자, 전화","이동거리측정, 달리기, 사이클링, 수영모니터링, 심박측정, 칼로리측정, 운동정보기록, 수면패턴분석, 스트레칭알림","다중언어, 배터리확인, 화면테마설정, 알람설정, 진동경보",방수(5ATM),20일,배터리일체형,91mAh,22g,22.1g,,,,7일,,,,,,,,,,,,,,,,,
97730,핏빗InspireHR,스마트밴드,밴드교체형,"0.95""",120x240,AM-OLED,터치스크린,블루투스5.0,"SNS, 문자, 전화","이동거리측정, 달리기, 사이클링, 수영모니터링, 심박측정, 칼로리측정, 운동정보기록, 수면패턴분석, 스트레칭알림","심박센서, 자이로센서, 가속계센서, NFC, 고도센서",방수(최대50m),,,,,,,,,,,,,,,,,,,,,,,,,,
228020,핏빗Charge4SE,스마트밴드,밴드교체형,"0.95""",120x240,AM-OLED,터치스크린,블루투스5.0,"SNS, 문자, 전화","이동거리측정, 달리기, 사이클링, 수영모니터링, 심박측정, 칼로리측정, 운동정보기록, 수면패턴분석, 스트레칭알림","다중언어, 배터리확인, 화면테마설정, 알람설정, 진동경보",방수(5ATM),20일,배터리일체형,135mAh,22g,22.1g,,,,7일,그래니트 블랙,,,,,,,,,,,,,,,,
115000,삼성전자기어핏2Pro,스마트밴드,밴드교체형,"0.95""",120x240,AM-OLED,터치스크린,블루투스4.2,"SNS, 문자, 전화","이동거리측정, 달리기, 사이클링, 수영모니터링, 심박측정, 칼로리측정, 운동정보기록, 수면패턴분석, 스트레칭알림","다중언어, 배터리확인, 화면테마설정, 알람설정, 진동경보",방수(5ATM),20일,배터리일체형,135mAh,22g,22.1g,,,,,"레드, 블랙",,,,4G내장,우드디자인,,,,,,,,,,,
16650,샤오미미밴드,스마트밴드,밴드교체형,"0.95""",120x240,AM-OLED,터치스크린,블루투스5.0,"SNS, 문자, 전화","이동거리측정, 달리기, 사이클링, 수영모니터링, 심박측정, 칼로리측정, 운동정보기록, 수면패턴분석, 스트레칭알림","다중언어, 배터리확인, 화면테마설정, 알람설정, 진동경보",방수(5ATM),20일,배터리일체형,135mAh,22g,22.1g,,,"iOS7.0이상, 안드로이드4.4이상",,"블랙, 블루, 오렌지, 핑크 외 2가지",,,,,,,,,,,,,,,,
17360,샤오미미밴드2,스마트밴드,밴드교체형,"0.42""",120x240,AM-OLED,터치스크린,블루투스5.0,"SNS, 문자, 전화","이동거리측정, 달리기, 사이클링, 수영모니터링, 심박측정, 칼로리측정, 운동정보기록, 수면패턴분석, 스트레칭알림","다중언어, 배터리확인, 화면테마설정, 알람설정, 진동경보",방수(5ATM),20일,배터리일체형,135mAh,22g,22.1g,,,"iOS, 안드로이드",,,,,,,,,,,,,,,,,,
35790,아비람S2,스마트밴드,밴드교체형,"0.95""",120x240,AM-OLED,터치스크린,블루투스5.0,"SNS, 문자, 전화","이동거리측정, 달리기, 사이클링, 수영모니터링, 심박측정, 칼로리측정, 운동정보기록, 수면패턴분석, 스트레칭알림","다중언어, 배터리확인, 화면테마설정, 알람설정, 진동경보",방수(5ATM),20일,배터리일체형,135mAh,22g,22.1g,,,"iOS7.0이상, 안드로이드4.3이상",,"레드, 블랙, 화이트",,,,,,음악플레이어,,,,,,,,,,
26880,브리츠BA-SW5Light,스마트밴드,밴드교체형,"0.95""",120x240,AM-OLED,터치스크린,블루투스5.0,"SNS, 문자, 전화","이동거리측정, 달리기, 사이클링, 수영모니터링, 심박측정, 칼로리측정, 운동정보기록, 수면패턴분석, 스트레칭알림","다중언어, 배터리확인, 화면테마설정, 알람설정, 진동경보",생활방수,5~7일,배터리일체형,135mAh,22g,22.1g,,,,3일,,,,,,,,,,,,,,,,,
137280,핏빗AltaHR,스마트밴드,밴드교체형,"0.95""",120x240,AM-OLED,터치스크린,블루투스5.0,"SNS, 문자, 전화","이동거리측정, 달리기, 사이클링, 수영모니터링, 심박측정, 칼로리측정, 운동정보기록, 수면패턴분석, 스트레칭알림","다중언어, 배터리확인, 화면테마설정, 알람설정, 진동경보",생활방수,20일,배터리일체형,135mAh,22g,22.1g,,,,7일,,,,,,,,,,,,,,,,,
138970,핏빗Charge3,스마트밴드,밴드교체형,"0.95""",120x240,AM-OLED,터치스크린,블루투스5.0,"SNS, 문자, 전화","이동거리측정, 달리기, 사이클링, 수영모니터링, 심박측정, 칼로리측정, 운동정보기록, 수면패턴분석, 스트레칭알림","다중언어, 배터리확인, 화면테마설정, 알람설정, 진동경보",생활방수(최대50m),,,,,,,,,,,,,,,,,,,,,,,,,,
79730,핏빗ChargeHR,스마트밴드,밴드일체형,"0.95""",120x240,AM-OLED,터치스크린,블루투스5.0,"SNS, 문자, 전화","이동거리측정, 달리기, 사이클링, 수영모니터링, 심박측정, 칼로리측정, 운동정보기록, 수면패턴분석, 스트레칭알림","다중언어, 배터리확인, 화면테마설정, 알람설정, 진동경보",방수(5ATM),20일,배터리일체형,135mAh,22g,22.1g,,,"윈도, MAC, iOS, 안드로이드",5일,"블랙, 블루, 텐저린, 플럼",,,,,,,microUSB,,,,,,,,,
100280,핏빗Flex2,스마트밴드,밴드교체형,"0.95""",120x240,AM-OLED,터치스크린,블루투스5.0,"SNS, 문자, 전화","이동거리측정, 달리기, 사이클링, 수영모니터링, 심박측정, 칼로리측정, 운동정보기록, 수면패턴분석, 스트레칭알림","다중언어, 배터리확인, 화면테마설정, 알람설정, 진동경보",방수(5ATM),20일,배터리일체형,135mAh,22g,22.1g,,,,,,,23.5g,,,,,,,,,,,,,,
56200,샤오미미밴드4어벤져스에디션,스마트밴드,밴드교체형,"0.95""",120x240,AM-OLED,터치스크린,블루투스5.0,"SNS, 문자, 전화","이동거리측정, 달리기, 사이클링, 수영모니터링, 심박측정, 칼로리측정, 운동정보기록, 수면패턴분석, 스트레칭알림","다중언어, 배터리확인, 화면테마설정, 알람설정, 진동경보",방수(5ATM),20일,배터리일체형,135mAh,22g,22.1g,,,,,,,,,,,,,,,,,,,,,
25020,샤오미미밴드1S,스마트밴드,밴드교체형,"0.95""",120x240,AM-OLED,터치스크린,블루투스5.0,"SNS, 문자, 전화","이동거리측정, 달리기, 사이클링, 수영모니터링, 심박측정, 칼로리측정, 운동정보기록, 수면패턴분석, 스트레칭알림","다중언어, 배터리확인, 화면테마설정, 알람설정, 진동경보",방수(5ATM),20일,배터리일체형,135mAh,22g,5.5g,,,"iOS, 안드로이드",,,,,,,,,,,,,,,,,,
59900,파트론URBANS+(PWB-250),스마트밴드,밴드교체형,"0.95""",120x240,AM-OLED,터치스크린,블루투스5.0,"SNS, 문자, 전화","이동거리측정, 달리기, 사이클링, 수영모니터링, 심박측정, 칼로리측정, 운동정보기록, 수면패턴분석, 스트레칭알림","다중언어, 배터리확인, 화면테마설정, 알람설정, 진동경보",방수(5ATM),20일,배터리일체형,135mAh,22g,22.1g,,,"iOS, 안드로이드",7일,"다크그레이, 블랙, 다크블루, 화이트",,,,,,,,,,,,,,,,
151840,핏빗Alta,스마트밴드,밴드교체형,"0.95""",120x240,AM-OLED,터치스크린,블루투스5.0,"SNS, 문자, 전화","이동거리측정, 달리기, 사이클링, 수영모니터링, 심박측정, 칼로리측정, 운동정보기록, 수면패턴분석, 스트레칭알림","다중언어, 배터리확인, 화면테마설정, 알람설정, 진동경보",방수(5ATM),20일,배터리일체형,135mAh,22g,22.1g,,,,5일,"그라파이트,메탈, 틸, 블랙, 블루, 플럼, 블러쉬핑크",,,,,,,,,,,,,,,,
44560,코아CKCU16,스마트밴드,밴드교체형,"0.95""",120x240,AM-OLED,터치스크린,블루투스5.0,"SNS, 문자, 전화","이동거리측정, 달리기, 사이클링, 수영모니터링, 심박측정, 칼로리측정, 운동정보기록, 수면패턴분석, 스트레칭알림","다중언어, 배터리확인, 화면테마설정, 알람설정, 진동경보",생활방수(IP67),,,,,,,,,,,,,,,,,,,,,,,,,,
50700,코아CKCV2,스마트밴드,밴드교체형,"0.96""",120x240,AM-OLED,터치스크린,블루투스5.0,"SNS, 문자, 전화","이동거리측정, 달리기, 사이클링, 수영모니터링, 심박측정, 칼로리측정, 운동정보기록, 수면패턴분석, 스트레칭알림","심박센서, 날씨",생활방수(IP67),,,,,,,,,,,,,,,,,,,,,,,,,,
105000,삼성전자기어핏2,스마트밴드,밴드교체형,"1.5""",216x432,커브드슈퍼AM-OLED,터치스크린,블루투스5.0,"SNS, 문자, 전화","이동거리측정, 달리기, 사이클링, 수영모니터링, 심박측정, 칼로리측정, 운동정보기록, 수면패턴분석, 스트레칭알림","다중언어, 배터리확인, 화면테마설정, 알람설정, 진동경보",방수(5ATM),20일,배터리일체형,135mAh,22g,22.1g,,,,,,,,,,,음악플레이어,,"1GHz, 듀얼코어",,,,,,,,
187790,삼성전자기어핏,스마트밴드,밴드교체형,"1.84""",432x128,커브드슈퍼AM-OLED,터치스크린,블루투스4.0,"SNS, 문자, 전화","이동거리측정, 달리기, 사이클링, 수영모니터링, 심박측정, 칼로리측정, 운동정보기록, 수면패턴분석, 스트레칭알림","다중언어, 배터리확인, 화면테마설정, 알람설정, 진동경보",방수(5ATM),20일,배터리일체형,135mAh,22g,22.1g,,,,,,,,,,,,,,전용거치대,5.7x2.3cm,,,,,,
65100,화웨이밴드3Pro,스마트밴드,밴드교체형,"0.95""",120x240,AM-OLED,터치스크린,블루투스4.2,"SNS, 문자, 전화","이동거리측정, 달리기, 사이클링, 수영모니터링, 심박측정, 칼로리측정, 운동정보기록, 수면패턴분석, 스트레칭알림","다중언어, 배터리확인, 화면테마설정, 알람설정, 진동경보",방수(5ATM),,,,,,,,,,,,,,,,,,,,,,,,,,
24000,화웨이Honor4,스마트밴드,밴드교체형,"0.95""",120x240,AM-OLED,터치스크린,블루투스5.0,"SNS, 문자, 전화","수영모니터링, 심박측정","다중언어, 배터리확인, 화면테마설정, 알람설정, 진동경보",방수(5ATM),20일,배터리일체형,135mAh,22g,22.1g,,,,14일,,,,,,,,,,,,,,,,,
30430,화웨이Honor5,스마트밴드,밴드교체형,"0.95""",120x240,AM-OLED,터치스크린,블루투스5.0,"SNS, 문자, 전화","달리기, 사이클링, 수영모니터링, 심박측정, 수면패턴분석","다중언어, 배터리확인, 화면테마설정, 알람설정, 진동경보",방수(5ATM),20일,배터리일체형,135mAh,22g,22.1g,,,,최대14일,,,,,,,,,,,,,,,,,
28450,q11스마트시계,스마트밴드,밴드교체형,"0.95""",120x240,AM-OLED,터치스크린,블루투스5.0,"SNS, 문자, 전화","이동거리측정, 달리기, 사이클링, 수영모니터링, 심박측정, 칼로리측정, 운동정보기록, 수면패턴분석, 스트레칭알림","다중언어, 배터리확인, 화면테마설정, 알람설정, 진동경보",생활방수(IP67),,,,,,,,,,,,,,,,,,,,,,,,,,
35900,코아스마트밴드CKHR,스마트밴드,밴드교체형,"0.96""",120x240,AM-OLED,터치스크린,블루투스5.0,"SNS, 문자, 전화","이동거리측정, 달리기, 사이클링, 수영모니터링, 심박측정, 칼로리측정, 운동정보기록, 수면패턴분석, 스트레칭알림","다중언어, 배터리확인, 화면테마설정, 알람설정, 진동경보",방수(5ATM),20일,배터리일체형,135mAh,22g,22.1g,,,"iOS8.0이상, 안드로이드4.4이상",,"민트, 블랙, 스카이블루",,,,,,,,,,,,,,,,
32770,퓨전FnCVPULSEFit-CoachGoPlus,스마트밴드,밴드일체형,"0.95""",120x240,AM-OLED,터치스크린,블루투스5.0,"SNS, 문자, 전화","이동거리측정, 달리기, 사이클링, 수영모니터링, 심박측정, 칼로리측정, 운동정보기록, 수면패턴분석, 스트레칭알림","다중언어, 배터리확인, 화면테마설정, 알람설정, 진동경보",방수(5ATM),20일,배터리일체형,135mAh,22g,22.1g,,,,최대4일~7일,,,15g,,,,,,,,,,,,,,
14100,M3플러스,스마트밴드,밴드교체형,"0.95""",120x240,AM-OLED,터치스크린,블루투스5.0,"SNS, 문자, 전화","이동거리측정, 달리기, 사이클링, 수영모니터링, 심박측정, 칼로리측정, 운동정보기록, 수면패턴분석, 스트레칭알림","다중언어, 배터리확인, 화면테마설정, 알람설정, 진동경보",방수(5ATM),20일,배터리일체형,135mAh,22g,22.1g,,,,5일~10일,,,,,,,,,,,,,,,,,
206800,가민비보핏주니어2,스마트밴드,밴드교체형,"0.95""",120x240,AM-OLED,터치스크린,블루투스5.0,"SNS, 문자, 전화","이동거리측정, 달리기, 사이클링, 수영모니터링, 심박측정, 칼로리측정, 운동정보기록, 수면패턴분석, 스트레칭알림","다중언어, 배터리확인, 화면테마설정, 알람설정, 진동경보",방수(5ATM),20일,배터리일체형,135mAh,22g,22.1g,,,,1년,,실리콘,,,,,,,,,,,,,,,
89100,인바디인바디밴드2,스마트밴드,밴드교체형,"0.95""",120x240,AM-OLED,터치스크린,블루투스5.0,"SNS, 문자, 전화","이동거리측정, 달리기, 사이클링, 수영모니터링, 심박측정, 칼로리측정, 운동정보기록, 수면패턴분석, 스트레칭알림","다중언어, 배터리확인, 화면테마설정, 알람설정, 진동경보",방수(5ATM),20일,배터리일체형,135mAh,22g,22.1g,,,,최대2주,"스톤그레이, 레드와인, 미드나이트블랙, 모던네이비",,,,,,,,,,,,,,,,
50572,LEMFOLT04,스마트밴드,밴드교체형,"0.95""",120x240,AM-OLED,터치스크린,블루투스5.0,"SNS, 문자, 전화","이동거리측정, 달리기, 사이클링, 수영모니터링, 심박측정, 칼로리측정, 운동정보기록, 수면패턴분석, 스트레칭알림","다중언어, 배터리확인, 화면테마설정, 알람설정, 진동경보",방수(5ATM),20일,배터리일체형,160mah,22g,22.1g,,,,7,,,,,,,,,,,,,,,,,
160990,샤오미화미어메이즈핏,스마트밴드,밴드교체형,"0.95""",120x240,AM-OLED,터치스크린,블루투스5.0,"SNS, 문자, 전화","이동거리측정, 달리기, 사이클링, 수영모니터링, 심박측정, 칼로리측정, 운동정보기록, 수면패턴분석, 스트레칭알림","다중언어, 배터리확인, 화면테마설정, 알람설정, 진동경보",방수(5ATM),20일,배터리일체형,135mAh,22g,22.1g,,,"iOS, 안드로이드",,"블랙(TPU밴드), 로즈골드(레더밴드)",세라믹,,,,,,,,,,,,,,,
22010,116PRO,스마트밴드,밴드교체형,"0.95""",120x240,AM-OLED,터치스크린,블루투스5.0,"SNS, 문자, 전화","이동거리측정, 달리기, 사이클링, 수영모니터링, 심박측정, 칼로리측정, 운동정보기록, 수면패턴분석, 스트레칭알림","다중언어, 배터리확인, 화면테마설정, 알람설정, 진동경보",방수(5ATM),20일,배터리일체형,135mAh,22g,22.1g,,,"안드로이드4.4이상, iOS9.0이상",,,,,,,,,,,,,,,,,,
179000,인바디인바디밴드,스마트밴드,밴드일체형,"0.95""",120x240,AM-OLED,터치스크린,블루투스5.0,"SNS, 문자, 전화","이동거리측정, 달리기, 사이클링, 수영모니터링, 심박측정, 칼로리측정, 운동정보기록, 수면패턴분석, 스트레칭알림","다중언어, 배터리확인, 화면테마설정, 알람설정, 진동경보",방수(5ATM),20일,배터리일체형,135mAh,25g,22.1g,,,,,,,,,,,,microUSB,,,,,,,,,
81530,가민비보스마트3,스마트밴드,밴드일체형,"0.95""",120x240,AM-OLED,터치스크린,블루투스5.0,"SNS, 문자, 전화","이동거리측정, 달리기, 사이클링, 수영모니터링, 심박측정, 칼로리측정, 운동정보기록, 수면패턴분석, 스트레칭알림","다중언어, 배터리확인, 화면테마설정, 알람설정, 진동경보",방수(5ATM),20일,배터리일체형,135mAh,22g,22.1g,,,,,,,,,,,음악플레이어,,,,,,,,,,
87420,핏빗Inspire,스마트밴드,밴드교체형,"0.95""",120x240,AM-OLED,터치스크린,블루투스5.0,"SNS, 문자, 전화","일일활동량측정, 달리기, 수영모니터링, 칼로리측정, 수면패턴분석, 만보계","다중언어, 배터리확인, 화면테마설정, 알람설정, 진동경보",방수(최대50m),,,,,,,,,,,,,,,,,,,,,,,,,,
74500,파트론URBANPro,스마트밴드,밴드교체형,"0.95""",120x240,AM-OLED,터치스크린,블루투스5.0,"SNS, 문자, 전화","이동거리측정, 달리기, 사이클링, 수영모니터링, 심박측정, 칼로리측정, 운동정보기록, 수면패턴분석, 스트레칭알림","다중언어, 배터리확인, 화면테마설정, 알람설정, 진동경보",방수(5ATM),20일,배터리일체형,135mAh,22g,22.1g,,,,,블랙,,,,,,,,,,,"SNS, 전화",,,,,
21700,M4,스마트밴드,밴드교체형,"0.95""",120x240,AM-OLED,터치스크린,블루투스5.0,"SNS, 문자, 전화","이동거리측정, 달리기, 사이클링, 수영모니터링, 심박측정, 칼로리측정, 운동정보기록, 수면패턴분석, 스트레칭알림","다중언어, 배터리확인, 화면테마설정, 알람설정, 진동경보",방수(5ATM),20일,배터리일체형,135mAh,22g,22.1g,,,,20일,,TPU,,,,,,,,,,,,,,,
29490,레노버HX03F,스마트밴드,밴드교체형,"0.95""",120x240,AM-OLED,터치스크린,블루투스5.0,"SNS, 문자, 전화","이동거리측정, 달리기, 사이클링, 수영모니터링, 심박측정, 칼로리측정, 운동정보기록, 수면패턴분석, 스트레칭알림","다중언어, 배터리확인, 화면테마설정, 알람설정, 진동경보",방수(5ATM),20일,배터리일체형,135mAh,22g,22.1g,,,,,,,,,,,,USB,,,,,,,,,
82360,소니스마트밴드톡,스마트밴드,밴드교체형,"1.4""",296x128,E잉크,터치스크린,블루투스5.0,"SNS, 문자, 전화","이동거리측정, 달리기, 사이클링, 수영모니터링, 심박측정, 칼로리측정, 운동정보기록, 수면패턴분석, 스트레칭알림","다중언어, 배터리확인, 화면테마설정, 알람설정, 진동경보",방수(5ATM),20일,배터리일체형,135mAh,22g,22.1g,,,,,"블랙, 화이트",,,,,,,,,,,,"내장스피커,마이크",1시간,,,
41850,WAT136스마트워치,스마트밴드,밴드교체형,"0.95""",120x240,AM-OLED,터치스크린,블루투스5.0,"SNS, 문자, 전화","이동거리측정, 달리기, 사이클링, 수영모니터링, 심박측정, 칼로리측정, 운동정보기록, 수면패턴분석, 스트레칭알림","날짜,요일표시, 날씨, 온도확인, 알람설정",생활방수(IP67),,,,,,,,,,,,,,,,,,,,,,,,,,
32220,iWOWN스마트밴드i6HR,스마트밴드,밴드교체형,"0.95""",120x240,AM-OLED,터치스크린,블루투스5.0,"SNS, 문자, 전화","이동거리측정, 달리기, 사이클링, 수영모니터링, 심박측정, 칼로리측정, 운동정보기록, 수면패턴분석, 스트레칭알림","다중언어, 배터리확인, 화면테마설정, 알람설정, 진동경보",방수(5ATM),20일,배터리일체형,135mAh,22g,22.1g,,,,5~7일,"민트, 블랙, 스카이블루",,,,,,,,,,,,,,,,
29900,코아스마트밴드I5Plus,스마트밴드,밴드교체형,"0.91""",128x64,OLED,터치스크린,블루투스5.0,"SNS, 문자, 전화, 어플리케이션","칼로리측정, 운동정보기록, 수면패턴분석, 만보계","내휴대폰찾기, 원격촬영, 방향전환",생활방수(IP67),20일,배터리일체형,75mAh,22g,22.1g,,,"iOS7.0이상, 안드로이드4.3이상",5~7일,"차밍레드, 클래식블랙, 딥블루",,,,,,,,,,,,,,,,
42600,DT28,스마트워치,밴드교체형,"0.95""",120x240,AM-OLED,터치스크린,블루투스5.0,"SNS, 문자, 전화","이동거리측정, 달리기, 사이클링, 수영모니터링, 심박측정, 칼로리측정, 운동정보기록, 수면패턴분석, 스트레칭알림","다중언어, 배터리확인, 화면테마설정, 알람설정, 진동경보",방수(5ATM),20일,배터리일체형,230mAh,22g,22.1g,,,,5-7일,,,,,,,,,,,,,,,,,
39900,코아CKHR,스마트밴드,밴드교체형,"0.95""",120x240,AM-OLED,터치스크린,블루투스5.0,"SNS, 문자, 전화","이동거리측정, 달리기, 사이클링, 수영모니터링, 심박측정, 칼로리측정, 운동정보기록, 수면패턴분석, 스트레칭알림","다중언어, 배터리확인, 화면테마설정, 알람설정, 진동경보",방수(5ATM),20일,배터리일체형,75mAh,22g,22.1g,,,,5~7일,,,,,,,,,,,,,,,,,
128940,소니스마트밴드2(SWR12),스마트밴드,밴드교체형,"0.95""",120x240,AM-OLED,터치스크린,블루투스5.0,"SNS, 문자, 전화","이동거리측정, 달리기, 사이클링, 수영모니터링, 심박측정, 칼로리측정, 운동정보기록, 수면패턴분석, 스트레칭알림","다중언어, 배터리확인, 화면테마설정, 알람설정, 진동경보",방수(5ATM),20일,배터리일체형,135mAh,22g,22.1g,,,,,"블랙, 화이트",,,,,,,microUSB,,,,,,,,,
24200,iWOWNI5Plus,스마트밴드,밴드교체형,"0.91""",128x64,OLED,터치스크린,블루투스5.0,"SNS, 문자, 전화, 어플리케이션","칼로리측정, 운동정보기록, 수면패턴분석, 만보계","내휴대폰찾기, 원격촬영, 방향전환",생활방수(IP65),20일,배터리일체형,75mAh,22g,22.1g,,,"iOS7.0이상, 안드로이드4.3이상",5~7일,"라임그린, 차밍레드, 블랙, 딥블루",,,,,,,,,,,,,,,,
65060,S6,스마트밴드,밴드교체형,"0.95""",120x240,AM-OLED,터치스크린,블루투스5.0,"문자, 전화","혈압측정, 이동거리측정, 달리기, 사이클링, 심박측정, 칼로리측정, 수면패턴분석",원격촬영,생활방수(IP67),20일,배터리일체형,90mAh,,,,,,,,,,,,,,,,,,,,,,,
22440,CoolpowA20,스마트밴드,밴드교체형,"0.95""",120x240,AM-OLED,터치스크린,블루투스5.0,"SNS, 문자, 전화","이동거리측정, 달리기, 사이클링, 수영모니터링, 심박측정, 칼로리측정, 운동정보기록, 수면패턴분석, 스트레칭알림","다중언어, 배터리확인, 화면테마설정, 알람설정, 진동경보",방수(5ATM),20일,배터리일체형,135mAh,22g,22.1g,,,,,,,,,,,,,,,,,전화통화,,,,
7500,뽀로로뽀로로스마트밴드,스마트워치밴드,밴드일체형,"0.95""",120x240,AM-OLED,터치스크린,블루투스5.0,"SNS, 문자, 전화","이동거리측정, 달리기, 사이클링, 수영모니터링, 심박측정, 칼로리측정, 운동정보기록, 수면패턴분석, 스트레칭알림","다중언어, 배터리확인, 화면테마설정, 알람설정, 진동경보",방수(5ATM),20일,배터리일체형,135mAh,22g,22.1g,,,,,,실리콘,,,,,,,,,,,,,,,
58050,M5PLUS,스마트밴드,밴드교체형,"0.95""",120x240,AM-OLED,터치스크린,블루투스4.0,"문자, 전화","혈압측정, 이동거리측정, 심박측정, 칼로리측정, 수면패턴분석","다중언어, 배터리확인, 화면테마설정, 알람설정, 진동경보",방수(5ATM),60일,배터리일체형,80mAh,,,,,,,,,,,,,,,,,,,,,,,
13630,MQQM5,스마트밴드,밴드교체형,"0.95""",120x240,AM-OLED,터치스크린,블루투스5.0,"SNS, 문자, 전화","이동거리측정, 달리기, 사이클링, 수영모니터링, 심박측정, 칼로리측정, 운동정보기록, 수면패턴분석, 스트레칭알림","다중언어, 배터리확인, 화면테마설정, 알람설정, 진동경보",방수(5ATM),20일,배터리일체형,135mAh,22g,22.1g,,,,,,,,,,,,,,,,"알람, 전화",,,,,
30500,Q1S,스마트밴드,밴드교체형,"0.95""",120x240,AM-OLED,터치스크린,블루투스5.0,"SNS, 문자, 전화","이동거리측정, 달리기, 사이클링, 수영모니터링, 심박측정, 칼로리측정, 운동정보기록, 수면패턴분석, 스트레칭알림","다중언어, 배터리확인, 화면테마설정, 알람설정, 진동경보",방수(5ATM),20일,배터리일체형,135mAh,22g,22.1g,,,,,,,,,,,,USB,,,,,,,,,
139095,화웨이토크밴드B5,스마트밴드,밴드교체형,"1.1""",120x240,AM-OLED,터치스크린,블루투스5.0,"SNS, 문자, 전화","이동거리측정, 달리기, 사이클링, 수영모니터링, 심박측정, 칼로리측정, 운동정보기록, 수면패턴분석, 스트레칭알림","다중언어, 배터리확인, 화면테마설정, 알람설정, 진동경보",방수(5ATM),20일,배터리일체형,135mAh,22g,22.1g,,,,,,,,,,,,microUSB,,,,,,6시간,,,
40680,샤오미Hey+B1800,스마트밴드,밴드교체형,"0.95""",120x240,AM-OLED,터치스크린,블루투스5.0,"SNS, 문자, 전화","심박측정, 칼로리측정, 수면패턴분석, 만보계","심박센서, NFC(원터치페어링)",방수(5ATM),,,,,,,,,,,,,,,,,,,,,,,,,,
26010,DiggroQ9,스마트밴드,밴드교체형,"0.95""",120x240,AM-OLED,터치스크린,블루투스5.0,"SNS, 문자, 전화","혈압측정, 달리기, 사이클링, 심박측정, 만보계","다중언어, 배터리확인, 화면테마설정, 알람설정, 진동경보",방수(5ATM),15일,배터리일체형,,,,,,,,,,,,,,,,,,,,,,,,
158400,가민비보스마트4,스마트밴드,밴드교체형,"0.95""",120x240,AM-OLED,터치스크린,블루투스5.0,"SNS, 문자, 전화","이동거리측정, 달리기, 사이클링, 수영모니터링, 심박측정, 칼로리측정, 운동정보기록, 수면패턴분석, 스트레칭알림","다중언어, 배터리확인, 화면테마설정, 알람설정, 진동경보",방수(5ATM),20일,배터리일체형,135mAh,22g,22.1g,,,,,,,,,,,음악플레이어,,,,,,,,,,
20080,QW18,스마트워치,밴드교체형,"0.95""",120x240,AM-OLED,터치스크린,블루투스5.0,"SNS, 문자, 전화","이동거리측정, 달리기, 사이클링, 수영모니터링, 심박측정, 칼로리측정, 운동정보기록, 수면패턴분석, 스트레칭알림","다중언어, 배터리확인, 화면테마설정, 알람설정, 진동경보",생활방수(IP68),20일,배터리일체형,90mAh,22g,22.1g,,,,,,폴리카보네이트+TPU,,,,,,,,,,,,,,,
43220,iWOWNi6HRColor,스마트밴드,밴드교체형,"0.96""",120x240,AM-OLED,터치스크린,블루투스5.0,"SNS, 문자, 전화","이동거리측정, 달리기, 사이클링, 수영모니터링, 심박측정, 칼로리측정, 운동정보기록, 수면패턴분석, 스트레칭알림","다중언어, 배터리확인, 화면테마설정, 알람설정, 진동경보",방수(5ATM),20일,배터리일체형,135mAh,22g,20g,,,,,,,,,,,,,,,,"SNS, 일정, 알람, 전화",,,,,
56690,HonvveSH30-L,스마트밴드,밴드교체형,"0.95""",120x240,AM-OLED,터치스크린,블루투스5.0,"SNS, 문자, 전화","이동거리측정, 달리기, 사이클링, 수영모니터링, 심박측정, 칼로리측정, 운동정보기록, 수면패턴분석, 스트레칭알림","다중언어, 배터리확인, 화면테마설정, 알람설정, 진동경보",방수(5ATM),15일,배터리일체형,135mAh,22g,22.1g,,,"iOS8.0이상, 안드로이드4.4이상",7일,,,,,,,,,,,,,,,,,
41400,Q18스마트밴드,스마트밴드,밴드교체형,"0.95""",120x240,AM-OLED,터치스크린,블루투스5.0,"SNS, 문자, 전화","이동거리측정, 달리기, 사이클링, 수영모니터링, 심박측정, 칼로리측정, 운동정보기록, 수면패턴분석, 스트레칭알림","내휴대폰찾기, 알람설정",생활방수(IP68),,,,,,,,,,,,,,,,,,,,,,,,,,
29510,SmartBandL3,"스마트밴드, 스마트워치밴드",밴드교체형,"0.95""",120x240,AM-OLED,터치스크린,블루투스5.0,"문자, 전화","일일활동량측정, 심박측정, 수면패턴분석","심박센서, 원격촬영, 날씨, 알람설정",생활방수(IP65),20일,배터리일체형,135mAh,22g,22.1g,,,,7일,,,,,,,,,,,,,,,,,
13650,RUNDIQW16,스마트밴드,밴드교체형,"0.95""",120x240,AM-OLED,터치스크린,블루투스5.0,"SNS, 문자, 전화","이동거리측정, 달리기, 사이클링, 수영모니터링, 심박측정, 칼로리측정, 운동정보기록, 수면패턴분석, 스트레칭알림","다중언어, 배터리확인, 화면테마설정, 알람설정, 진동경보",방수(5ATM),20일,배터리일체형,135mAh,22g,22.1g,,,,15시간,,,,,,,,,,,,,,,,,
87190,S908,스마트밴드,밴드교체형,"0.95""",120x240,AM-OLED,터치스크린,블루투스5.0,"SNS, 문자, 전화","이동거리측정, 달리기, 사이클링, 수영모니터링, 심박측정, 칼로리측정, 운동정보기록, 수면패턴분석, 스트레칭알림","다중언어, 배터리확인, 화면테마설정, 알람설정, 진동경보",방수(5ATM),20일,배터리일체형,135mAh,22g,22.1g,,,,,,,,,128MB내장,,,,,,,,,,,,
97930,pkiwo,스마트워치,밴드교체형,"0.95""",120x240,AM-OLED,터치스크린,블루투스5.0,"SNS, 문자, 전화","이동거리측정, 달리기, 사이클링, 수영모니터링, 심박측정, 칼로리측정, 운동정보기록, 수면패턴분석, 스트레칭알림","다중언어, 배터리확인, 화면테마설정, 알람설정, 진동경보",방수(5ATM),20일,배터리일체형,135mAh,106.1g,22.1g,,,,6~8일,,,,,,,,,,,,,,,,,
43020,파트론크로이스URBAN-S(PWB-200),스마트밴드,밴드교체형,"0.95""",120x240,AM-OLED,터치스크린,블루투스5.0,"SNS, 문자, 전화","이동거리측정, 달리기, 사이클링, 수영모니터링, 심박측정, 칼로리측정, 운동정보기록, 수면패턴분석, 스트레칭알림","다중언어, 배터리확인, 화면테마설정, 알람설정, 진동경보",방수(5ATM),20일,배터리일체형,135mAh,22g,22.1g,,,"iOS8.0이상, 안드로이드4.4이상",7일,,,,,,,,,,,,,,,,,
45220,화웨이Honor스마트밴드4,스마트밴드,밴드교체형,"0.95""",120x240,AM-OLED,터치스크린,블루투스5.0,"SNS, 문자, 전화","이동거리측정, 달리기, 사이클링, 수영모니터링, 심박측정, 칼로리측정, 운동정보기록, 수면패턴분석, 스트레칭알림","심박센서, 가속계센서",생활방수,,,,,,,,,,,,,,,,,,,,,,,,,,
174340,그린콤iBODY24홈트레이닝,스마트밴드,밴드교체형,"0.95""",120x240,AM-OLED,터치스크린,블루투스5.0,"SNS, 문자, 전화","이동거리측정, 달리기, 사이클링, 수영모니터링, 심박측정, 칼로리측정, 운동정보기록, 수면패턴분석, 스트레칭알림","다중언어, 배터리확인, 화면테마설정, 알람설정, 진동경보",방수(5ATM),20일,배터리일체형,135mAh,22g,22.1g,,,"안드로이드4.4이상, iOS9.0이상",8시간,,,,,,,,,,,,,,,,,
87420,핏빗ACE2,스마트밴드,밴드교체형,"0.95""",120x240,AM-OLED,터치스크린,블루투스5.0,"SNS, 문자, 전화","이동거리측정, 달리기, 사이클링, 수영모니터링, 심박측정, 칼로리측정, 운동정보기록, 수면패턴분석, 스트레칭알림","다중언어, 배터리확인, 화면테마설정, 알람설정, 진동경보",방수(5ATM),20일,배터리일체형,135mAh,22g,22.1g,,,,최대5,,,,,,,,,,,,,,,,,
69900,파트론어반캐시(PWB-260),스마트밴드,밴드교체형,"0.95""",120x240,AM-OLED,터치스크린,블루투스5.0,"SNS, 문자, 전화","이동거리측정, 달리기, 사이클링, 수영모니터링, 심박측정, 칼로리측정, 운동정보기록, 수면패턴분석, 스트레칭알림","심박센서, 가속계센서, 고도센서, 기압센서",생활방수(IPX8),,,,,,,,,,,,,,,,,,,,,,,,,,
41400,LERBYEEM4,스마트밴드,밴드교체형,"0.95""",120x240,AM-OLED,터치스크린,블루투스5.0,"SNS, 문자, 전화","이동거리측정, 달리기, 사이클링, 수영모니터링, 심박측정, 칼로리측정, 운동정보기록, 수면패턴분석, 스트레칭알림","다중언어, 배터리확인, 화면테마설정, 알람설정, 진동경보",방수(5ATM),20일,배터리일체형,135mAh,22g,22.1g,,,,3~5일,,,,,,,,,,,,,,,,,
53900,코아CKS,스마트밴드,밴드교체형,"0.95""",120x240,AM-OLED,터치스크린,블루투스5.0,"SNS, 문자, 전화","이동거리측정, 달리기, 사이클링, 수영모니터링, 심박측정, 칼로리측정, 운동정보기록, 수면패턴분석, 스트레칭알림","다중언어, 배터리확인, 화면테마설정, 알람설정, 진동경보",생활방수(IP67),,,,,,,,,,,,,,,,,,,,,,,,,,
26650,S5스마트팔찌,스마트밴드,밴드교체형,"0.95""",120x240,AM-OLED,터치스크린,블루투스5.0,"SNS, 문자, 전화","이동거리측정, 달리기, 사이클링, 수영모니터링, 심박측정, 칼로리측정, 운동정보기록, 수면패턴분석, 스트레칭알림","다중언어, 배터리확인, 화면테마설정, 알람설정, 진동경보",방수(5ATM),20일,배터리일체형,90mAh,,,,,,,,,,,,,,,,,,,,,,,
22350,CY05,스마트밴드,밴드교체형,"0.95""",120x240,AM-OLED,터치스크린,블루투스5.0,"SNS, 문자, 전화","이동거리측정, 달리기, 사이클링, 수영모니터링, 심박측정, 칼로리측정, 운동정보기록, 수면패턴분석, 스트레칭알림","다중언어, 배터리확인, 화면테마설정, 알람설정, 진동경보",방수(5ATM),20일,배터리일체형,135mAh,22g,22.1g,,,"iOS8.0이상, 안드로이드4.4이상",,"실버그레이, 레드, 블랙, 블루",실리콘,,,,,,,,,,,,,,,
88790,가민가민비보핏3,스마트밴드,밴드교체형,"0.95""",120x240,AM-OLED,터치스크린,블루투스5.0,"SNS, 문자, 전화","이동거리측정, 칼로리측정, 수면패턴분석",,,,,,,,,,,,,,,,,,,,,,,,,,,,
178500,핏빗Charge3스페셜에디션,스마트밴드,밴드교체형,"0.95""",120x240,AM-OLED,터치스크린,블루투스5.0,"SNS, 문자, 전화","이동거리측정, 달리기, 사이클링, 수영모니터링, 심박측정, 칼로리측정, 운동정보기록, 수면패턴분석, 스트레칭알림","다중언어, 배터리확인, 화면테마설정, 알람설정, 진동경보",생활방수(최대50m),,,,,,,,,,,,,,,,,,,,,,,,,,
22776,E18,스마트밴드,밴드교체형,"0.95""",120x240,AM-OLED,터치스크린,블루투스5.0,"문자, 전화","혈압측정, 심박측정, 수면패턴분석","내휴대폰찾기, 알람설정",생활방수(IP67),40일,배터리일체형,105mAh,,,,,,,,,,,,,,,,,,,,,,,
25900,NEWNTOB7스마트밴드,스마트밴드,밴드교체형,"0.95""",120x240,AM-OLED,터치스크린,블루투스5.0,"SNS, 문자, 전화","이동거리측정, 달리기, 사이클링, 수영모니터링, 심박측정, 칼로리측정, 운동정보기록, 수면패턴분석, 스트레칭알림","다중언어, 배터리확인, 화면테마설정, 알람설정, 진동경보",방수(5ATM),20일,배터리일체형,100mAh,22g,22.1g,,,,,,,,,,,,,,,,,,4~5시간,3~4시간,,
246500,핏빗Ace,스마트밴드,밴드교체형,"0.95""",120x240,AM-OLED,터치스크린,블루투스5.0,"SNS, 문자, 전화","이동거리측정, 달리기, 사이클링, 수영모니터링, 심박측정, 칼로리측정, 운동정보기록, 수면패턴분석, 스트레칭알림",가속계센서,생활방수(IPX7),,,,,,,,,,,,,,,,,,,,,,,,,,
22170,레노버HX06,스마트밴드,밴드교체형,"0.95""",120x240,AM-OLED,터치스크린,블루투스5.0,"SNS, 문자, 전화","이동거리측정, 달리기, 사이클링, 수영모니터링, 심박측정, 칼로리측정, 운동정보기록, 수면패턴분석, 스트레칭알림","다중언어, 배터리확인, 화면테마설정, 알람설정, 진동경보",생활방수(IP67),,,,,,,,,,,,,,,,,,,,,,,,,,
129000,ZIKTO워크,스마트밴드,밴드교체형,"0.95""",120x240,AM-OLED,터치스크린,블루투스5.0,"SNS, 문자, 전화","이동거리측정, 달리기, 사이클링, 수영모니터링, 심박측정, 칼로리측정, 운동정보기록, 수면패턴분석, 스트레칭알림","다중언어, 배터리확인, 화면테마설정, 알람설정, 진동경보",방수(5ATM),20일,배터리일체형,135mAh,22g,22.1g,,,"iOS8.0이상, 안드로이드4.3이상",,"그레이, 블랙",,,,,,,microUSB,,,,,,,,,
187460,미오퓨즈,스마트밴드,밴드일체형,"0.95""",120x240,AM-OLED,터치스크린,블루투스5.0,"SNS, 문자, 전화","이동거리측정, 달리기, 사이클링, 수영모니터링, 심박측정, 칼로리측정, 운동정보기록, 수면패턴분석, 스트레칭알림","다중언어, 배터리확인, 화면테마설정, 알람설정, 진동경보",방수(5ATM),20일,배터리일체형,135mAh,22g,22.1g,,,,,"라지(블루,레드),레귤러(아쿠아,블루)",,,,,,,,,,,,,,,,
133996,화웨이AF500,스마트밴드,밴드교체형,"0.95""",120x240,AM-OLED,터치스크린,블루투스5.0,"SNS, 문자, 전화","이동거리측정, 달리기, 사이클링, 수영모니터링, 심박측정, 칼로리측정, 운동정보기록, 수면패턴분석, 스트레칭알림","다중언어, 배터리확인, 화면테마설정, 알람설정, 진동경보",방수(5ATM),20일,배터리,135mAh,22g,22.1g,,,"iOS7.0이상, 안드로이드4.3이상",,,,24.5g,,,,,,,,,,,,,,
84140,보이런던Q82,스마트밴드,밴드교체형,"0.95""",120x240,AM-OLED,터치스크린,블루투스5.0,"SNS, 문자, 전화","이동거리측정, 달리기, 사이클링, 수영모니터링, 심박측정, 칼로리측정, 운동정보기록, 수면패턴분석, 스트레칭알림","다중언어, 배터리확인, 화면테마설정, 알람설정, 진동경보",방수(5ATM),20일,배터리일체형,135mAh,22g,16g,,,,7,,,,,,,,,,,,,,,,,
49230,A6,스마트워치,밴드교체형,"0.95""",120x240,AM-OLED,터치스크린,블루투스5.0,"SNS, 문자, 전화","이동거리측정, 달리기, 사이클링, 수영모니터링, 심박측정, 칼로리측정, 운동정보기록, 수면패턴분석, 스트레칭알림","다중언어, 배터리확인, 화면테마설정, 알람설정, 진동경보",방수(5ATM),10일,배터리일체형,180mAh,22g,22.1g,,,안드로이드4.4이상,7일,,,,,,,,,,,,,,,,,
46860,H3,스마트워치밴드,밴드교체형,"0.95""",120x240,AM-OLED,터치스크린,블루투스5.0,"SNS, 문자, 전화","이동거리측정, 달리기, 사이클링, 수영모니터링, 심박측정, 칼로리측정, 운동정보기록, 수면패턴분석, 스트레칭알림","다중언어, 배터리확인, 화면테마설정, 알람설정, 진동경보",생활방수(IP67),20일,배터리일체형,95mAh,,,,,,,,,,,,,,,,,,,,,,,
258990,마이크로소프트마이크로소프트밴드,스마트밴드,밴드일체형,"1.4""",320x106,AM-OLED,터치스크린,블루투스5.0,"SNS, 문자, 전화","이동거리측정, 달리기, 사이클링, 수영모니터링, 심박측정, 칼로리측정, 운동정보기록, 수면패턴분석, 스트레칭알림","다중언어, 배터리확인, 화면테마설정, 알람설정, 진동경보",방수(5ATM),20일,배터리일체형,135mAh,22g,22.1g,,,,,,,,,,,,,,,1.1x3.3cm,,,,,,
189790,핏빗Charge,스마트밴드,밴드일체형,"0.95""",120x240,AM-OLED,터치스크린,블루투스5.0,"SNS, 문자, 전화","이동거리측정, 달리기, 사이클링, 수영모니터링, 심박측정, 칼로리측정, 운동정보기록, 수면패턴분석, 스트레칭알림","다중언어, 배터리확인, 화면테마설정, 알람설정, 진동경보",방수(5ATM),20일,배터리일체형,135mAh,약23g,22.1g,,,,,,,,,,,,microUSB,,,,,,,,,
98990,가민가민비보핏,스마트밴드,밴드교체형,"0.95""",120x240,AM-OLED,터치스크린,블루투스,"SNS, 문자, 전화","이동거리측정, 달리기, 사이클링, 수영모니터링, 심박측정, 칼로리측정, 운동정보기록, 수면패턴분석, 스트레칭알림","다중언어, 배터리확인, 화면테마설정, 알람설정, 진동경보",방수(최대50m),,,,,,,,,,,,,,,,,,,,,,,,,,
129000,미스핏미스핏샤인2,스마트밴드,밴드교체형,"0.95""",120x240,AM-OLED,터치스크린,블루투스5.0,"SNS, 문자, 전화","이동거리측정, 달리기, 사이클링, 수영모니터링, 심박측정, 칼로리측정, 운동정보기록, 수면패턴분석, 스트레칭알림","다중언어, 배터리확인, 화면테마설정, 알람설정, 진동경보",방수(최대50m),20일,배터리일체형,135mAh,22g,22.1g,,,,,,,9g,,,,,,,,,,,,,,
117190,가민비보핏주니어,스마트밴드,밴드교체형,"0.95""",120x240,AM-OLED,터치스크린,블루투스5.0,"SNS, 문자, 전화","수면패턴분석, 만보계","다중언어, 배터리확인, 화면테마설정, 알람설정, 진동경보",방수(5ATM),20일,배터리일체형,135mAh,22g,22.1g,,,"iOS, 안드로이드",,,,,,,,,,,,,,,,,,
96000,헬스원HERAFIT+,스마트밴드,밴드교체형,"0.95""",120x240,AM-OLED,터치스크린,블루투스5.0,"SNS, 문자, 전화","이동거리측정, 달리기, 사이클링, 수영모니터링, 심박측정, 칼로리측정, 운동정보기록, 수면패턴분석, 스트레칭알림","다중언어, 배터리확인, 화면테마설정, 알람설정, 진동경보",방수(5ATM),20일,배터리일체형,135mAh,22g,23g,,,,,블랙,,,,,,,,,,,,,,,,
20560,Y5,스마트밴드,밴드교체형,"0.95""",120x240,AM-OLED,터치스크린,블루투스5.0,"SNS, 문자, 전화","이동거리측정, 달리기, 사이클링, 수영모니터링, 심박측정, 칼로리측정, 운동정보기록, 수면패턴분석, 스트레칭알림","다중언어, 배터리확인, 화면테마설정, 알람설정, 진동경보",방수(5ATM),15일,배터리일체형,135mAh,22g,22.1g,,,,,,,,,,,,,,,,,,,,2시간,
24780,UP9Pro,스마트밴드,밴드교체형,"0.96""",120x240,AM-OLED,터치스크린,블루투스5.0,"SNS, 문자, 전화","이동거리측정, 달리기, 사이클링, 수영모니터링, 심박측정, 칼로리측정, 운동정보기록, 수면패턴분석, 스트레칭알림","다중언어, 배터리확인, 화면테마설정, 알람설정, 진동경보",생활방수(IP67),,,,,,,,,,,,,,,,,,,,,,,,,,
47220,DiggroS2,스마트밴드,밴드교체형,"0.95""",120x240,AM-OLED,터치스크린,블루투스5.0,"SNS, 문자, 전화","이동거리측정, 심박측정, 칼로리측정, 수면패턴분석, 만보계",심박센서,생활방수(IP67),,,,,,,,,,,,,,,,,,,,,,,,,,
30500,화웨이HonorA2,스마트밴드,밴드교체형,"0.95""",120x240,AM-OLED,터치스크린,블루투스5.0,"SNS, 문자, 전화","이동거리측정, 달리기, 사이클링, 수영모니터링, 심박측정, 칼로리측정, 운동정보기록, 수면패턴분석, 스트레칭알림","심박센서, 알람설정",생활방수(IP67),,,,,,,,,,,,,,,,,,,,,,,,,,
20200,CB608,스마트밴드,밴드교체형,"0.95""",120x240,AM-OLED,터치스크린,블루투스5.0,"SNS, 문자, 전화","이동거리측정, 달리기, 사이클링, 수영모니터링, 심박측정, 칼로리측정, 운동정보기록, 수면패턴분석, 스트레칭알림","심박센서, 알람설정",생활방수(IP68),,,,,,,,,,,,,,,,,,,,,,,,,,
28520,XGODYDC10,스마트밴드,밴드교체형,"0.95""",120x240,AM-OLED,터치스크린,블루투스5.0,"SNS, 문자, 전화","이동거리측정, 달리기, 사이클링, 수영모니터링, 심박측정, 칼로리측정, 운동정보기록, 수면패턴분석, 스트레칭알림","다중언어, 배터리확인, 화면테마설정, 알람설정, 진동경보",방수(5ATM),20일,배터리일체형,180mAh,22g,30g,,,,,,,,,,,,,,,,,,,,,
33310,R1,스마트워치밴드,밴드교체형,"0.95""",120x240,AM-OLED,터치스크린,블루투스5.0,"SNS, 문자, 전화","이동거리측정, 달리기, 사이클링, 수영모니터링, 심박측정, 칼로리측정, 운동정보기록, 수면패턴분석, 스트레칭알림","다중언어, 배터리확인, 화면테마설정, 알람설정, 진동경보",생활방수(IP67),20일,배터리일체형,90mAh,,,,,,,,,,,,,,,,,,,,,,,
45040,S4,스마트밴드,밴드교체형,"0.95""",120x240,AM-OLED,터치스크린,블루투스5.0,"SNS, 문자, 전화","이동거리측정, 달리기, 사이클링, 수영모니터링, 심박측정, 칼로리측정, 운동정보기록, 수면패턴분석, 스트레칭알림","다중언어, 배터리확인, 화면테마설정, 알람설정, 진동경보",방수(5ATM),20일,배터리일체형,135mAh,22g,22.1g,,,"iOS8.0이상, 안드로이드4.3이상",,,,,,,,,,,,,,,,,,
64880,세븐일렉HR2,스마트밴드,밴드교체형,"0.95""",120x240,AM-OLED,터치스크린,블루투스4.0,"문자, 어플리케이션","이동거리측정, 달리기, 심박측정, 칼로리측정, 수면패턴분석","심박센서, 알람설정",생활방수,,,,,,,,,,,,,,,,,,,,,,,,,,
47160,BADIQI,스마트밴드,밴드교체형,"0.95""",120x240,AM-OLED,터치스크린,블루투스5.0,"SNS, 문자, 전화","이동거리측정, 달리기, 사이클링, 수영모니터링, 심박측정, 칼로리측정, 운동정보기록, 수면패턴분석, 스트레칭알림","다중언어, 배터리확인, 화면테마설정, 알람설정, 진동경보",방수(5ATM),20일,배터리일체형,135mAh,22g,22.1g,,,,5~7일,,,,,,,,,,,,,,,,,
27900,E02,스마트밴드,밴드교체형,"0.95""",120x240,AM-OLED,터치스크린,블루투스5.0,"SNS, 문자, 전화","이동거리측정, 달리기, 사이클링, 수영모니터링, 심박측정, 칼로리측정, 운동정보기록, 수면패턴분석, 스트레칭알림","내휴대폰찾기, 원격촬영, 분실방지",방수(5ATM),20일,배터리일체형,135mAh,22g,22.1g,,,,,"그린, 블랙, 블루, 오렌지, 핑크",,,,,,,,,,,,,,,,
25720,DiggroG16,스마트밴드,밴드교체형,"0.95""",120x240,AM-OLED,터치스크린,블루투스5.0,"SNS, 문자, 전화","이동거리측정, 달리기, 사이클링, 수영모니터링, 심박측정, 칼로리측정, 운동정보기록, 수면패턴분석, 스트레칭알림","심박센서, 내휴대폰찾기",생활방수(IP67),,,,,,,,,,,,,,,,,,,,,,,,,,
24310,CLS,스마트밴드,밴드교체형,"0.95""",120x240,AM-OLED,터치스크린,블루투스5.0,"SNS, 문자, 전화","이동거리측정, 달리기, 사이클링, 수영모니터링, 심박측정, 칼로리측정, 운동정보기록, 수면패턴분석, 스트레칭알림","다중언어, 배터리확인, 화면테마설정, 알람설정, 진동경보",생활방수(IP67),,,,,,,,,,,,,,,,,,,,,,,,,,
29820,INSMAS1,스마트밴드,밴드교체형,"0.95""",120x240,AM-OLED,터치스크린,블루투스5.0,"SNS, 문자, 전화","이동거리측정, 달리기, 사이클링, 수영모니터링, 심박측정, 칼로리측정, 운동정보기록, 수면패턴분석, 스트레칭알림","다중언어, 배터리확인, 화면테마설정, 알람설정, 진동경보",생활방수(IP67),,,,,,,,,,,,,,,,,,,,,,,,,,
53140,J10,스마트워치밴드,밴드교체형,"0.95""",120x240,AM-OLED,터치스크린,블루투스5.0,"SNS, 문자, 전화","이동거리측정, 달리기, 사이클링, 수영모니터링, 심박측정, 칼로리측정, 운동정보기록, 수면패턴분석, 스트레칭알림","다중언어, 배터리확인, 화면테마설정, 알람설정, 진동경보",생활방수(IP67),20일,배터리일체형,180mAh,,,,,,,,,,,,,,,,,,,,,,,
65890,S5,스마트밴드,밴드교체형,"0.95""",120x240,AM-OLED,터치스크린,블루투스5.0,"SNS, 문자, 전화","이동거리측정, 달리기, 사이클링, 수영모니터링, 심박측정, 칼로리측정, 운동정보기록, 수면패턴분석, 스트레칭알림","다중언어, 배터리확인, 화면테마설정, 알람설정, 진동경보",방수(5ATM),20일,배터리일체형,90mAh,22g,22.1g,,,,최대13일,,,,,,,,,,,,,,,,,
171000,핏빗Charge2,스마트밴드,밴드교체형,"0.95""",120x240,AM-OLED,터치스크린,블루투스5.0,"SNS, 문자, 전화","이동거리측정, 달리기, 사이클링, 수영모니터링, 심박측정, 칼로리측정, 운동정보기록, 수면패턴분석, 스트레칭알림","다중언어, 배터리확인, 화면테마설정, 알람설정, 진동경보",방수(5ATM),20일,배터리일체형,135mAh,22g,22.1g,,,"iOS, 안드로이드",5일,"틸, 블랙, 블루, 플럼 등",,,,,,,,,,,,,,,,
117280,미스핏레이(RAY),스마트밴드,밴드교체형,"0.95""",120x240,AM-OLED,터치스크린,블루투스5.0,"SNS, 문자, 전화","이동거리측정, 달리기, 사이클링, 수영모니터링, 심박측정, 칼로리측정, 운동정보기록, 수면패턴분석, 스트레칭알림","다중언어, 배터리확인, 화면테마설정, 알람설정, 진동경보",방수(5ATM),20일,배터리일체형,135mAh,22g,22.1g,,,,,"블랙, 로즈골드",,,,,,,,,,,,,,,,
84640,파트론PWB-100,스마트밴드,센서분리형,"0.95""",120x240,AM-OLED,터치스크린,블루투스5.0,"SNS, 문자, 전화","이동거리측정, 달리기, 사이클링, 수영모니터링, 심박측정, 칼로리측정, 운동정보기록, 수면패턴분석, 스트레칭알림","다중언어, 배터리확인, 화면테마설정, 알람설정, 진동경보",방수(5ATM),20일,배터리일체형,135mAh,22g,22.1g,,,,,,,26.8g,,,,,,,,,,,,,,
73000,코아CKCOLOR,스마트밴드,밴드교체형,"0.95""",120x240,AM-OLED,터치스크린,블루투스5.0,"SNS, 문자, 전화","이동거리측정, 달리기, 사이클링, 수영모니터링, 심박측정, 칼로리측정, 운동정보기록, 수면패턴분석, 스트레칭알림","다중언어, 배터리확인, 화면테마설정, 알람설정, 진동경보",생활방수(IP67),,,,,,,,,,,,,,,,,,,,,,,,,,
178760,화웨이토크밴드B1,스마트밴드,밴드교체형,"0.95""",120x240,AM-OLED,터치스크린,블루투스5.0,"SNS, 문자, 전화","이동거리측정, 달리기, 사이클링, 수영모니터링, 심박측정, 칼로리측정, 운동정보기록, 수면패턴분석, 스트레칭알림","다중언어, 배터리확인, 화면테마설정, 알람설정, 진동경보",방수(5ATM),20일,배터리일체형,135mAh,22g,22.1g,,,,,"실버, 그린, 블랙, 블루 외 2가지",,,,,,,,,,,,전화통화,,,,
40000,BM08,스마트밴드,밴드교체형,"0.95""",120x240,AM-OLED,터치스크린,블루투스5.0,"문자, 전화","혈압측정, 달리기, 심박측정, 운동정보기록, 수면패턴분석","원격촬영, 알람설정",생활방수(IP68),20일,배터리일체형,135mAh,22g,22.1g,,,,6~10일,,,,,,,,,,,,,,,,,
56100,ZGPAXR1,스마트밴드,밴드교체형,"0.95""",120x240,AM-OLED,터치스크린,블루투스5.0,"SNS, 문자, 전화","이동거리측정, 달리기, 사이클링, 수영모니터링, 심박측정, 칼로리측정, 운동정보기록, 수면패턴분석, 스트레칭알림","다중언어, 배터리확인, 화면테마설정, 알람설정, 진동경보",생활방수(IP67),20일,배터리일체형,90mAh,,,,,,,,,,,,,,,,,,,,,,,
45110,M5,스마트워치,밴드교체형,"0.95""",120x240,AM-OLED,터치스크린,블루투스5.0,"SNS, 문자, 전화","이동거리측정, 달리기, 사이클링, 수영모니터링, 심박측정, 칼로리측정, 운동정보기록, 수면패턴분석, 스트레칭알림","다중언어, 배터리확인, 화면테마설정, 알람설정, 진동경보",생활방수,,,,,,,,,,,,,,,,,,,,,,,,,,
79910,콜미DM11,스마트밴드,밴드교체형,"0.95""",120x240,AM-OLED,터치스크린,블루투스5.0,"SNS, 문자, 전화","이동거리측정, 달리기, 사이클링, 수영모니터링, 심박측정, 칼로리측정, 운동정보기록, 수면패턴분석, 스트레칭알림","다중언어, 배터리확인, 화면테마설정, 알람설정, 진동경보",방수(5ATM),20일,배터리일체형,135mAh,22g,22.1g,,,,,,,,,,,,USB,,,,,,,,,
27140,V11,스마트밴드,밴드교체형,"0.95""",120x240,AM-OLED,터치스크린,블루투스5.0,"SNS, 문자, 전화","이동거리측정, 달리기, 사이클링, 수영모니터링, 심박측정, 칼로리측정, 운동정보기록, 수면패턴분석, 스트레칭알림",심박센서,생활방수(IPX7),,,,,,,,,,,,,,,,,,,,,,,,,,
43900,코아스마트밴드CK7,스마트밴드,밴드교체형,"0.96""",120x240,AM-OLED,터치스크린,블루투스5.0,"SNS, 문자, 전화","이동거리측정, 달리기, 사이클링, 수영모니터링, 심박측정, 칼로리측정, 운동정보기록, 수면패턴분석, 스트레칭알림","다중언어, 배터리확인, 화면테마설정, 알람설정, 진동경보",방수(5ATM),20일,배터리일체형,135mAh,22g,22.1g,,,"iOS7.0이상, 안드로이드4.0이상",,"차밍레드, 클래식블랙, 딥블루",,,,,,,,,,,,,,,,
102000,M2,스마트밴드,밴드교체형,"0.95""",120x240,AM-OLED,터치스크린,블루투스5.0,"SNS, 문자, 전화","혈압측정, 이동거리측정, 심박측정, 수면패턴분석",,,,,,,,,,,,,,,,,,,,,,,,,,,,
47410,머레이코리아머레이시계형모기차단기MK-M20,스마트밴드,밴드교체형,"0.95""",120x240,AM-OLED,터치스크린,블루투스5.0,"SNS, 문자, 전화","이동거리측정, 달리기, 사이클링, 수영모니터링, 심박측정, 칼로리측정, 운동정보기록, 수면패턴분석, 스트레칭알림","다중언어, 배터리확인, 화면테마설정, 알람설정, 진동경보",방수(5ATM),20일,배터리일체형,90mAh,22g,22.1g,,,,,,실리콘,,,,,,,,,,,,,,,
99450,RazerRazerNABULive,스마트밴드,밴드교체형,"0.95""",120x240,AM-OLED,터치스크린,블루투스5.0,"SNS, 문자, 전화","이동거리측정, 달리기, 사이클링, 수영모니터링, 심박측정, 칼로리측정, 운동정보기록, 수면패턴분석, 스트레칭알림",원격촬영,방수(5ATM),20일,배터리일체형,135mAh,22g,22.1g,,,,최대6일,,,,,,,,,,,,,,,,,
32540,DTNO.IF4,스마트밴드,밴드교체형,"0.95""",120x240,AM-OLED,터치스크린,블루투스5.0,"SNS, 문자, 전화","이동거리측정, 달리기, 사이클링, 수영모니터링, 심박측정, 칼로리측정, 운동정보기록, 수면패턴분석, 스트레칭알림","다중언어, 배터리확인, 화면테마설정, 알람설정, 진동경보",방수(5ATM),20일,배터리일체형,130mAh,,,,,,,,,,,,,,,,,,,,,,,
22280,M30,스마트밴드,밴드교체형,"0.95""",120x240,AM-OLED,터치스크린,블루투스5.0,"SNS, 문자, 전화","이동거리측정, 달리기, 사이클링, 수영모니터링, 심박측정, 칼로리측정, 운동정보기록, 수면패턴분석, 스트레칭알림","심박센서, 날씨, 알람설정",생활방수(IP67),,,,,,,,,,,,,,,,,,,,,,,,,,
16470,KY101C,스마트밴드,밴드교체형,"0.95""",120x240,AM-OLED,터치스크린,블루투스5.0,"SNS, 문자, 전화","이동거리측정, 달리기, 사이클링, 수영모니터링, 심박측정, 칼로리측정, 운동정보기록, 수면패턴분석, 스트레칭알림","다중언어, 배터리확인, 화면테마설정, 알람설정, 진동경보",생활방수(IP67),,,,,,,,,,,,,,,,,,,,,,,,,,
24780,JAKCOMB3,스마트밴드,밴드교체형,"0.95""",120x240,AM-OLED,터치스크린,블루투스5.0,"SNS, 문자, 전화","이동거리측정, 달리기, 사이클링, 수영모니터링, 심박측정, 칼로리측정, 운동정보기록, 수면패턴분석, 스트레칭알림","다중언어, 배터리확인, 화면테마설정, 알람설정, 진동경보",방수(5ATM),150시간,배터리일체형,135mAh,22g,22.1g,,,,,,,,,,,,,,,,,,10시간,,,
53690,화웨이HonorA3,스마트밴드,밴드교체형,"0.95""",120x240,AM-OLED,터치스크린,블루투스5.0,"SNS, 문자, 전화","이동거리측정, 달리기, 사이클링, 수영모니터링, 심박측정, 칼로리측정, 운동정보기록, 수면패턴분석, 스트레칭알림","다중언어, 배터리확인, 화면테마설정, 알람설정, 진동경보",방수(최대50m),20일,배터리일체형,135mAh,22g,22.1g,,,,최대30일,,,,,,,,,,,,,,,,,
42990,WearpaiM4,스마트밴드,밴드교체형,"0.95""",120x240,AM-OLED,터치스크린,블루투스5.0,"SNS, 문자, 전화","이동거리측정, 달리기, 사이클링, 수영모니터링, 심박측정, 칼로리측정, 운동정보기록, 수면패턴분석, 스트레칭알림","다중언어, 배터리확인, 화면테마설정, 알람설정, 진동경보",생활방수(IP67),20일,배터리일체형,90mAh,22g,22.1g,,,,7일,,,,,,,,,,,,,,,,,
202090,폴라A360,스마트밴드,밴드교체형,"0.95""",120x240,AM-OLED,터치스크린,블루투스5.0,"SNS, 문자, 전화","이동거리측정, 달리기, 사이클링, 수영모니터링, 심박측정, 칼로리측정, 운동정보기록, 수면패턴분석, 스트레칭알림","다중언어, 배터리확인, 화면테마설정, 알람설정, 진동경보",방수(5ATM),20일,배터리일체형,135mAh,22g,22.1g,,,"iOS, 안드로이드",,,,,,,,,,,,,,,,,,
48600,VidonnX6,스마트밴드,밴드일체형,"0.95""",120x240,AM-OLED,터치스크린,블루투스5.0,"SNS, 문자, 전화","이동거리측정, 달리기, 사이클링, 수영모니터링, 심박측정, 칼로리측정, 운동정보기록, 수면패턴분석, 스트레칭알림","다중언어, 배터리확인, 화면테마설정, 알람설정, 진동경보",방수(5ATM),20일,배터리일체형,135mAh,22g,22.1g,,,,,,,,,,,,microUSB,,,,,,,,,
39000,SM코퍼레이션SM-L3,스마트밴드,밴드분리형(클립),"0.95""",120x240,AM-OLED,터치스크린,블루투스5.0,"SNS, 문자, 전화","이동거리측정, 달리기, 사이클링, 수영모니터링, 심박측정, 칼로리측정, 운동정보기록, 수면패턴분석, 스트레칭알림","다중언어, 배터리확인, 화면테마설정, 알람설정, 진동경보",방수(5ATM),20일,배터리일체형,135mAh,22g,11g,,,,,,,,,,,,,,microUSB,,,,,,,
16500,DiggroID115,스마트밴드,밴드교체형,"0.95""",120x240,AM-OLED,터치스크린,블루투스5.0,"SNS, 문자, 전화","이동거리측정, 달리기, 사이클링, 수영모니터링, 심박측정, 칼로리측정, 운동정보기록, 수면패턴분석, 스트레칭알림","다중언어, 배터리확인, 화면테마설정, 알람설정, 진동경보",방수(5ATM),20일,배터리일체형,135mAh,22g,18g,,,,,,,,,,,,,,,,,,,,,
31990,ZunammyTR021,스마트워치밴드,밴드일체형,"0.95""",120x240,AM-OLED,터치스크린,블루투스5.0,"SNS, 문자, 전화","이동거리측정, 달리기, 사이클링, 수영모니터링, 심박측정, 칼로리측정, 운동정보기록, 수면패턴분석, 스트레칭알림","다중언어, 배터리확인, 화면테마설정, 알람설정, 진동경보",방수(5ATM),20일,배터리일체형,135mAh,22g,22.1g,,,,,,,,,,,,,,,,,,,,,25mm
26650,화웨이Honor3,스마트밴드,밴드교체형,"0.95""",120x240,AM-OLED,터치스크린,블루투스5.0,"SNS, 문자, 전화","이동거리측정, 달리기, 사이클링, 수영모니터링, 심박측정, 칼로리측정, 운동정보기록, 수면패턴분석, 스트레칭알림","다중언어, 배터리확인, 화면테마설정, 알람설정, 진동경보",방수(5ATM),20일,배터리일체형,135mAh,22g,22.1g,,,,최대30일,,,,,,,,,,,,,,,,,
41100,TISHRICB40,스마트밴드,밴드교체형,"0.95""",120x240,AM-OLED,터치스크린,블루투스5.0,"SNS, 문자, 전화","이동거리측정, 달리기, 사이클링, 수영모니터링, 심박측정, 칼로리측정, 운동정보기록, 수면패턴분석, 스트레칭알림","다중언어, 배터리확인, 화면테마설정, 알람설정, 진동경보",생활방수(IP67),20일,배터리일체형,90mAh,,,,,,,,,,,,,,,,,,,,,,,
89380,b51,스마트밴드,밴드교체형,"0.95""",120x240,AM-OLED,터치스크린,블루투스5.0,"SNS, 문자, 전화","이동거리측정, 달리기, 사이클링, 수영모니터링, 심박측정, 칼로리측정, 운동정보기록, 수면패턴분석, 스트레칭알림","내휴대폰찾기, 원격촬영, 알람설정",생활방수(IP67),,,,,,,,,,,,,,,,,,,,,,,,,,
133960,조본UP4,스마트밴드,밴드일체형,"0.95""",120x240,AM-OLED,터치스크린,블루투스5.0,"SNS, 문자, 전화","이동거리측정, 칼로리측정, 수면패턴분석",,,,,,,,,,,,,,,,,,,,,,,,,,,,
18700,DiggroDB-07,스마트밴드,밴드교체형,"0.95""",120x240,AM-OLED,터치스크린,블루투스5.0,"SNS, 문자, 전화","수면패턴분석, 만보계","다중언어, 배터리확인, 화면테마설정, 알람설정, 진동경보",생활방수(IP67),,,,,,,,,,,,,,,,,,,,,,,,,,
